index,Entity,Code,Year,Schizophrenia (%),Bipolar disorder (%),Eating disorders (%),Anxiety disorders (%),Drug use disorders (%),Depression (%),Alcohol use disorders (%)
23,Afghanistan,AFG,2013,0.165579,0.706471,0.101291,4.869701,2.572396,4.134661,0.662433
24,Afghanistan,AFG,2014,0.165742,0.706876,0.103137,4.872256,2.562885,4.133526,0.662447
25,Afghanistan,AFG,2015,0.165895,0.707275,0.104445,4.875201,2.543144,4.135419,0.662276
26,Afghanistan,AFG,2016,0.166035,0.707686,0.105808,4.878875,2.513553,4.135694,0.66185
27,Afghanistan,AFG,2017,0.166158,0.708089,0.107142,4.882481,2.473934,4.136347,0.661217
51,Albania,ALB,2013,0.200134,0.70376,0.167105,3.390195,0.508049,2.203098,1.850358
52,Albania,ALB,2014,0.200392,0.70397,0.16941,3.389319,0.510089,2.203684,1.851517
53,Albania,ALB,2015,0.20063,0.704161,0.171095,3.388212,0.513158,2.204454,1.850252
54,Albania,ALB,2016,0.200845,0.704335,0.172627,3.386891,0.515036,2.206507,1.845972
55,Albania,ALB,2017,0.201025,0.70448,0.174046,3.385245,0.517614,2.208414,1.837955
79,Algeria,DZA,2013,0.197464,0.816874,0.208892,5.051019,1.696613,3.622467,0.665344
80,Algeria,DZA,2014,0.197602,0.81738,0.20996,5.054674,1.703742,3.62949,0.665685
81,Algeria,DZA,2015,0.197728,0.817862,0.211434,5.058398,1.709814,3.636962,0.665817
82,Algeria,DZA,2016,0.197836,0.818315,0.212735,5.062233,1.714025,3.647817,0.665681
83,Algeria,DZA,2017,0.197913,0.818687,0.213612,5.065876,1.717218,3.661094,0.665191
107,American Samoa,ASM,2013,0.249337,0.468506,0.180232,3.316344,0.766645,2.93761,1.139932
108,American Samoa,ASM,2014,0.24917,0.468481,0.179621,3.316431,0.768486,2.937324,1.140782
109,American Samoa,ASM,2015,0.248981,0.468434,0.179144,3.316201,0.769507,2.936809,1.141513
110,American Samoa,ASM,2016,0.248777,0.468379,0.178726,3.316091,0.771281,2.937781,1.142011
111,American Samoa,ASM,2017,0.248557,0.468305,0.177808,3.315834,0.772801,2.939668,1.142277
163,Andorra,AND,2013,0.263869,0.964152,0.651222,5.314755,0.900576,3.727589,1.245315
164,Andorra,AND,2014,0.263791,0.96396,0.649979,5.313837,0.903323,3.728379,1.248614
165,Andorra,AND,2015,0.263713,0.963754,0.647221,5.310493,0.905575,3.727885,1.251926
166,Andorra,AND,2016,0.263603,0.963614,0.645775,5.307073,0.907981,3.726825,1.253886
167,Andorra,AND,2017,0.263512,0.963331,0.644559,5.305375,0.910066,3.729532,1.25605
191,Angola,AGO,2013,0.171531,0.623366,0.164602,3.286419,0.507611,4.158336,1.386365
192,Angola,AGO,2014,0.171928,0.623583,0.167412,3.289271,0.510054,4.156468,1.385029
193,Angola,AGO,2015,0.172277,0.623748,0.169554,3.291955,0.513006,4.158484,1.383269
194,Angola,AGO,2016,0.17257,0.623859,0.172163,3.294534,0.516244,4.157841,1.381018
195,Angola,AGO,2017,0.172794,0.623904,0.173643,3.296906,0.519556,4.160484,1.378244
219,Antigua and Barbuda,ATG,2013,0.206336,0.925515,0.351153,4.61745,0.78748,2.53636,2.127217
220,Antigua and Barbuda,ATG,2014,0.206399,0.925441,0.350603,4.614068,0.786771,2.539623,2.134396
221,Antigua and Barbuda,ATG,2015,0.206434,0.925368,0.35062,4.610817,0.785735,2.54375,2.142253
222,Antigua and Barbuda,ATG,2016,0.20644,0.925316,0.350415,4.607747,0.785774,2.551108,2.150762
223,Antigua and Barbuda,ATG,2017,0.206409,0.925269,0.350368,4.604823,0.786239,2.557963,2.159736
247,Argentina,ARG,2013,0.197801,0.771821,0.390826,6.273679,0.971257,3.651044,1.825346
248,Argentina,ARG,2014,0.197892,0.772175,0.394867,6.27602,0.979329,3.654178,1.82308
249,Argentina,ARG,2015,0.197978,0.772568,0.397998,6.278538,0.987998,3.657683,1.822172
250,Argentina,ARG,2016,0.198042,0.772948,0.401108,6.280932,0.999099,3.661312,1.822573
251,Argentina,ARG,2017,0.198094,0.773376,0.404033,6.283678,1.008901,3.665488,1.824515
275,Armenia,ARM,2013,0.19569,0.716129,0.162291,2.588201,0.488026,2.726631,1.989049
276,Armenia,ARM,2014,0.196101,0.716426,0.163623,2.588934,0.491349,2.734193,1.985974
277,Armenia,ARM,2015,0.196525,0.716774,0.164968,2.589917,0.496236,2.740289,1.981193
278,Armenia,ARM,2016,0.196949,0.717166,0.166348,2.591219,0.499895,2.747315,1.974356
279,Armenia,ARM,2017,0.197365,0.717591,0.167047,2.592813,0.50436,2.754583,1.964988
331,Australia,AUS,2013,0.364942,1.147593,0.939176,6.608198,2.068835,4.759686,1.506864
332,Australia,AUS,2014,0.364577,1.146475,0.941661,6.602041,2.114377,4.731142,1.508926
333,Australia,AUS,2015,0.364163,1.14513,0.943206,6.595691,2.170634,4.696774,1.510434
334,Australia,AUS,2016,0.363743,1.143669,0.943991,6.589757,2.237198,4.659817,1.511465
335,Australia,AUS,2017,0.363326,1.142097,0.943081,6.584301,2.315142,4.623881,1.511935
359,Austria,AUT,2013,0.256354,0.939909,0.672787,5.34969,0.914287,3.273578,1.925424
360,Austria,AUT,2014,0.256479,0.939861,0.673911,5.347641,0.912597,3.26746,1.906362
361,Austria,AUT,2015,0.256627,0.939758,0.67485,5.344587,0.910998,3.264032,1.883372
362,Austria,AUT,2016,0.256783,0.939716,0.674727,5.342175,0.907326,3.262611,1.855808
363,Austria,AUT,2017,0.256958,0.939794,0.675112,5.341275,0.902117,3.26097,1.824065
387,Azerbaijan,AZE,2013,0.197754,0.68812,0.19577,2.57541,0.475547,2.557899,2.31999
388,Azerbaijan,AZE,2014,0.198426,0.688604,0.199312,2.577454,0.478853,2.562571,2.321124
389,Azerbaijan,AZE,2015,0.199034,0.689049,0.201758,2.579432,0.481362,2.571226,2.319493
390,Azerbaijan,AZE,2016,0.199563,0.689448,0.203629,2.581278,0.484388,2.580951,2.314679
391,Azerbaijan,AZE,2017,0.199998,0.689807,0.204891,2.583157,0.486328,2.592293,2.305889
415,Bahamas,BHS,2013,0.204763,0.889298,0.366324,4.655689,0.806484,2.609438,2.092818
416,Bahamas,BHS,2014,0.204541,0.889332,0.365166,4.655386,0.808271,2.610829,2.095492
417,Bahamas,BHS,2015,0.204284,0.889381,0.364253,4.655273,0.811445,2.614571,2.098918
418,Bahamas,BHS,2016,0.203992,0.889416,0.363759,4.655191,0.813804,2.620387,2.103189
419,Bahamas,BHS,2017,0.203668,0.889432,0.36275,4.655024,0.816652,2.626633,2.108371
443,Bahrain,BHR,2013,0.206761,0.835912,0.265784,4.646955,1.720106,3.922651,0.73805
444,Bahrain,BHR,2014,0.206818,0.836124,0.267339,4.651549,1.716409,3.906875,0.734987
445,Bahrain,BHR,2015,0.206882,0.83618,0.268745,4.652923,1.715204,3.892511,0.732159
446,Bahrain,BHR,2016,0.206936,0.836444,0.271042,4.66075,1.707047,3.882434,0.728528
447,Bahrain,BHR,2017,0.206969,0.836822,0.273714,4.673304,1.695674,3.879105,0.723558
471,Bangladesh,BGD,2013,0.251418,0.582514,0.128099,4.264447,0.504135,4.199103,1.448701
472,Bangladesh,BGD,2014,0.251651,0.58272,0.130462,4.269459,0.50545,4.182413,1.453608
473,Bangladesh,BGD,2015,0.251929,0.582942,0.132744,4.2744,0.508198,4.160873,1.457626
474,Bangladesh,BGD,2016,0.252249,0.583181,0.135429,4.279268,0.510254,4.136923,1.460576
475,Bangladesh,BGD,2017,0.2526,0.583419,0.137974,4.283989,0.5128,4.110611,1.462198
499,Barbados,BRB,2013,0.230321,0.919632,0.32495,4.664815,0.844062,2.749714,1.593676
500,Barbados,BRB,2014,0.230152,0.919698,0.324072,4.66425,0.842887,2.752656,1.591075
501,Barbados,BRB,2015,0.229942,0.919786,0.323164,4.663841,0.842039,2.756602,1.587563
502,Barbados,BRB,2016,0.229685,0.919868,0.321753,4.663418,0.841682,2.759747,1.583089
503,Barbados,BRB,2017,0.229386,0.919956,0.320599,4.663044,0.842955,2.763322,1.57764
527,Belarus,BLR,2013,0.196204,0.698947,0.201185,2.946482,0.786034,4.059205,5.45542
528,Belarus,BLR,2014,0.19661,0.699151,0.204173,2.946829,0.785505,4.048315,5.436959
529,Belarus,BLR,2015,0.196995,0.699353,0.207219,2.947074,0.784656,4.038801,5.412366
530,Belarus,BLR,2016,0.197347,0.699546,0.209343,2.947224,0.782788,4.030471,5.38101
531,Belarus,BLR,2017,0.19765,0.699677,0.210693,2.946932,0.779868,4.022226,5.342888
555,Belgium,BEL,2013,0.257434,0.945767,0.592095,5.20626,0.818149,4.110062,1.450025
556,Belgium,BEL,2014,0.257537,0.946013,0.5951,5.207286,0.817974,4.110472,1.452881
557,Belgium,BEL,2015,0.257675,0.946314,0.598318,5.208646,0.819489,4.110452,1.456476
558,Belgium,BEL,2016,0.257856,0.946706,0.600263,5.210451,0.821391,4.109551,1.460782
559,Belgium,BEL,2017,0.258073,0.947159,0.603869,5.212645,0.823451,4.109186,1.465639
583,Belize,BLZ,2013,0.194513,0.880138,0.255011,4.555868,0.82949,2.838476,1.761766
584,Belize,BLZ,2014,0.194622,0.880507,0.256175,4.558857,0.83082,2.837371,1.766266
585,Belize,BLZ,2015,0.19473,0.880893,0.257195,4.562088,0.83255,2.837546,1.771524
586,Belize,BLZ,2016,0.194829,0.881266,0.258188,4.565311,0.832937,2.836835,1.777433
587,Belize,BLZ,2017,0.194922,0.881647,0.25871,4.568548,0.836792,2.838667,1.784013
611,Benin,BEN,2013,0.169711,0.639161,0.116836,2.899666,0.494931,3.624016,0.990294
612,Benin,BEN,2014,0.169861,0.639412,0.117641,2.900659,0.497412,3.624397,0.990069
613,Benin,BEN,2015,0.170013,0.639664,0.118821,2.901891,0.499514,3.627308,0.989687
614,Benin,BEN,2016,0.170172,0.63994,0.11925,2.903462,0.502539,3.628211,0.989202
615,Benin,BEN,2017,0.170322,0.640206,0.12029,2.905294,0.505541,3.629899,0.988584
639,Bermuda,BMU,2013,0.22195,0.974652,0.491942,4.69179,0.860364,2.839352,1.523584
640,Bermuda,BMU,2014,0.221842,0.974764,0.492026,4.692152,0.858262,2.832749,1.521451
641,Bermuda,BMU,2015,0.221681,0.974871,0.492199,4.692532,0.856709,2.829559,1.51812
642,Bermuda,BMU,2016,0.22145,0.974929,0.491812,4.692675,0.854506,2.828391,1.513314
643,Bermuda,BMU,2017,0.221154,0.974986,0.491449,4.692816,0.853379,2.826293,1.506917
667,Bhutan,BTN,2013,0.266238,0.594153,0.163164,3.791062,0.526438,3.407789,2.33687
668,Bhutan,BTN,2014,0.266639,0.594672,0.165473,3.794211,0.52812,3.412727,2.347144
669,Bhutan,BTN,2015,0.267006,0.595129,0.167915,3.796971,0.530377,3.420515,2.356853
670,Bhutan,BTN,2016,0.267347,0.595546,0.17001,3.799415,0.533551,3.429823,2.366019
671,Bhutan,BTN,2017,0.267637,0.595887,0.17234,3.801432,0.534974,3.439334,2.374373
695,Bolivia,BOL,2013,0.192052,0.851875,0.287493,4.237024,0.907998,3.119451,1.615284
696,Bolivia,BOL,2014,0.192464,0.852371,0.29148,4.238367,0.903949,3.111189,1.61222
697,Bolivia,BOL,2015,0.192922,0.852942,0.29572,4.239985,0.898802,3.102902,1.608975
698,Bolivia,BOL,2016,0.193412,0.853548,0.300675,4.241669,0.892894,3.093429,1.605515
699,Bolivia,BOL,2017,0.193936,0.854218,0.305251,4.243625,0.886177,3.085905,1.601923
723,Bosnia and Herzegovina,BIH,2013,0.199912,0.717111,0.167328,3.400929,0.433727,2.329689,2.848304
724,Bosnia and Herzegovina,BIH,2014,0.200121,0.71738,0.168589,3.401301,0.433846,2.325415,2.845401
725,Bosnia and Herzegovina,BIH,2015,0.200322,0.717641,0.169897,3.401638,0.433851,2.321622,2.84123
726,Bosnia and Herzegovina,BIH,2016,0.200519,0.71792,0.171314,3.402155,0.433312,2.319066,2.835715
727,Bosnia and Herzegovina,BIH,2017,0.200703,0.71819,0.172474,3.402636,0.433416,2.31961,2.828633
751,Botswana,BWA,2013,0.180136,0.63756,0.217751,3.500177,0.741731,4.002401,1.625042
752,Botswana,BWA,2014,0.180556,0.637921,0.22057,3.501512,0.74584,3.993973,1.624077
753,Botswana,BWA,2015,0.180996,0.638262,0.223225,3.502876,0.748598,3.98648,1.62203
754,Botswana,BWA,2016,0.181458,0.638615,0.225158,3.50455,0.750841,3.977128,1.618811
755,Botswana,BWA,2017,0.181928,0.638943,0.227733,3.506339,0.75275,3.968129,1.614339
779,Brazil,BRA,2013,0.204907,1.106805,0.269346,6.3111,1.045119,3.371926,2.70413
780,Brazil,BRA,2014,0.205073,1.106928,0.271348,6.261913,1.049781,3.342011,2.700511
781,Brazil,BRA,2015,0.205235,1.106988,0.273366,6.204158,1.054041,3.319423,2.695875
782,Brazil,BRA,2016,0.205391,1.106988,0.275301,6.139401,1.05831,3.304643,2.690277
783,Brazil,BRA,2017,0.205534,1.106915,0.277051,6.06918,1.061681,3.297368,2.683581
807,Brunei,BRN,2013,0.272054,0.628976,0.549248,3.622576,0.892632,2.524062,0.780455
808,Brunei,BRN,2014,0.272122,0.62922,0.546639,3.622286,0.895784,2.528216,0.783274
809,Brunei,BRN,2015,0.272187,0.629451,0.543985,3.621917,0.898972,2.537144,0.786194
810,Brunei,BRN,2016,0.272262,0.62971,0.540722,3.621502,0.903239,2.548472,0.789027
811,Brunei,BRN,2017,0.272368,0.629945,0.536252,3.621414,0.906697,2.561983,0.791919
835,Bulgaria,BGR,2013,0.201143,0.629847,0.194699,3.586925,0.688987,2.540351,1.837604
836,Bulgaria,BGR,2014,0.201485,0.630069,0.196577,3.587034,0.692252,2.539345,1.835404
837,Bulgaria,BGR,2015,0.201824,0.630306,0.198616,3.587231,0.69669,2.539862,1.832053
838,Bulgaria,BGR,2016,0.202151,0.630543,0.200733,3.587363,0.700731,2.53995,1.82731
839,Bulgaria,BGR,2017,0.202455,0.630776,0.202411,3.587521,0.704289,2.543141,1.820826
863,Burkina Faso,BFA,2013,0.163345,0.620226,0.108629,2.890348,0.429225,3.615275,0.992027
864,Burkina Faso,BFA,2014,0.163652,0.620583,0.109383,2.8921,0.432363,3.629192,0.994058
865,Burkina Faso,BFA,2015,0.163992,0.621011,0.111105,2.894299,0.435489,3.648042,0.996358
866,Burkina Faso,BFA,2016,0.164359,0.621511,0.111911,2.897006,0.439596,3.668645,0.998971
867,Burkina Faso,BFA,2017,0.164745,0.622074,0.113354,2.900239,0.444063,3.694254,1.001796
891,Burundi,BDI,2013,0.153296,0.611358,0.088017,3.566309,0.493837,3.731076,1.580005
892,Burundi,BDI,2014,0.153514,0.611738,0.088637,3.569747,0.49484,3.727607,1.578071
893,Burundi,BDI,2015,0.153772,0.612157,0.089309,3.574121,0.496275,3.723271,1.575593
894,Burundi,BDI,2016,0.154068,0.612604,0.090019,3.579564,0.498925,3.720813,1.572661
895,Burundi,BDI,2017,0.154394,0.613042,0.090802,3.58576,0.500084,3.721228,1.569309
919,Cambodia,KHM,2013,0.204988,0.508774,0.101933,3.286271,0.558189,3.10775,0.835675
920,Cambodia,KHM,2014,0.205779,0.509014,0.103741,3.28675,0.560617,3.103511,0.837808
921,Cambodia,KHM,2015,0.206596,0.509291,0.105162,3.287511,0.564367,3.100648,0.839945
922,Cambodia,KHM,2016,0.207427,0.509593,0.106761,3.288523,0.566947,3.096661,0.842034
923,Cambodia,KHM,2017,0.208266,0.509922,0.108379,3.289745,0.570337,3.094945,0.844038
947,Cameroon,CMR,2013,0.169581,0.626872,0.129959,2.900023,0.57888,3.750431,1.029898
948,Cameroon,CMR,2014,0.169843,0.627219,0.130969,2.901828,0.580781,3.751296,1.028729
949,Cameroon,CMR,2015,0.17014,0.627575,0.1315,2.903927,0.582792,3.750112,1.027423
950,Cameroon,CMR,2016,0.170457,0.6279,0.133,2.90618,0.585861,3.748456,1.025916
951,Cameroon,CMR,2017,0.170796,0.628202,0.13379,2.908663,0.588021,3.745647,1.024227
975,Canada,CAN,2013,0.314388,0.714322,0.472149,5.165811,2.19462,3.926503,1.599727
976,Canada,CAN,2014,0.314617,0.71471,0.473426,5.167921,2.207245,3.936199,1.603801
977,Canada,CAN,2015,0.314901,0.715199,0.474343,5.170797,2.22515,3.949642,1.608215
978,Canada,CAN,2016,0.315232,0.715789,0.475592,5.174359,2.248352,3.967491,1.612934
979,Canada,CAN,2017,0.315588,0.716413,0.477304,5.178218,2.276229,3.988792,1.617937
1003,Cape Verde,CPV,2013,0.188861,0.708774,0.165331,2.993117,0.617621,4.103363,1.003509
1004,Cape Verde,CPV,2014,0.189143,0.709156,0.16665,2.994288,0.620602,4.097893,1.005064
1005,Cape Verde,CPV,2015,0.189409,0.709517,0.167825,2.995634,0.624374,4.092633,1.006284
1006,Cape Verde,CPV,2016,0.189658,0.709863,0.168722,2.997182,0.627406,4.087075,1.007183
1007,Cape Verde,CPV,2017,0.18988,0.710184,0.169252,2.998977,0.630609,4.082451,1.00767
1059,Central African Republic,CAF,2013,0.148505,0.592358,0.091569,3.241079,0.511024,4.217237,1.422854
1060,Central African Republic,CAF,2014,0.148618,0.592557,0.0908,3.243325,0.512066,4.218068,1.419621
1061,Central African Republic,CAF,2015,0.148752,0.592732,0.090661,3.245496,0.513144,4.215257,1.415987
1062,Central African Republic,CAF,2016,0.148908,0.592882,0.089696,3.247573,0.514695,4.212623,1.41206
1063,Central African Republic,CAF,2017,0.149087,0.59303,0.089183,3.24999,0.516703,4.211728,1.407712
1227,Chad,TCD,2013,0.167001,0.625286,0.118883,2.879284,0.444521,3.938848,0.944175
1228,Chad,TCD,2014,0.167247,0.625542,0.119501,2.880277,0.446536,3.923065,0.944296
1229,Chad,TCD,2015,0.167499,0.625867,0.120668,2.881842,0.449877,3.908367,0.944222
1230,Chad,TCD,2016,0.167757,0.626272,0.121372,2.884071,0.45368,3.890874,0.943932
1231,Chad,TCD,2017,0.168019,0.626775,0.122129,2.887049,0.4574,3.874837,0.943401
1255,Chile,CHL,2013,0.200287,0.788787,0.398024,6.275241,1.215019,4.024264,2.442651
1256,Chile,CHL,2014,0.200535,0.789183,0.402024,6.274801,1.226406,4.02991,2.441051
1257,Chile,CHL,2015,0.200819,0.789644,0.406375,6.274265,1.23733,4.036576,2.441463
1258,Chile,CHL,2016,0.201113,0.790094,0.411006,6.273138,1.247607,4.046124,2.444073
1259,Chile,CHL,2017,0.20143,0.790591,0.416123,6.272084,1.25715,4.057723,2.44947
1283,China,CHN,2013,0.333801,0.322233,0.143961,3.10498,1.052718,3.38155,1.234203
1284,China,CHN,2014,0.334796,0.322124,0.147676,3.087059,1.064056,3.367462,1.234218
1285,China,CHN,2015,0.335852,0.32202,0.151513,3.068531,1.078275,3.351279,1.23219
1286,China,CHN,2016,0.336981,0.321949,0.155511,3.049823,1.094714,3.332592,1.227793
1287,China,CHN,2017,0.338174,0.321906,0.159588,3.030969,1.113943,3.311306,1.220903
1311,Colombia,COL,2013,0.204627,0.765611,0.244727,2.515703,1.110399,2.204213,1.7579
1312,Colombia,COL,2014,0.205234,0.766514,0.248564,2.513603,1.105643,2.198192,1.759881
1313,Colombia,COL,2015,0.205874,0.767383,0.252133,2.512714,1.098011,2.194632,1.760847
1314,Colombia,COL,2016,0.206535,0.768184,0.256028,2.513075,1.087434,2.194091,1.760478
1315,Colombia,COL,2017,0.207211,0.768913,0.260257,2.514803,1.075526,2.196154,1.758512
1339,Comoros,COM,2013,0.169529,0.656532,0.110158,3.615604,0.496101,3.287185,1.507554
1340,Comoros,COM,2014,0.169655,0.657099,0.110177,3.622063,0.497575,3.293496,1.508562
1341,Comoros,COM,2015,0.169815,0.657773,0.110298,3.629924,0.500299,3.303571,1.509387
1342,Comoros,COM,2016,0.170013,0.658562,0.110784,3.639199,0.502297,3.316679,1.509917
1343,Comoros,COM,2017,0.170252,0.659469,0.110911,3.649877,0.505443,3.330114,1.509998
1367,Congo,COG,2013,0.16815,0.61295,0.156227,3.262856,0.555746,4.074621,1.454756
1368,Congo,COG,2014,0.16851,0.613245,0.157748,3.264258,0.556661,4.058585,1.453202
1369,Congo,COG,2015,0.168902,0.613573,0.158622,3.266041,0.557216,4.041543,1.45165
1370,Congo,COG,2016,0.169322,0.613947,0.160298,3.268246,0.559066,4.023941,1.450176
1371,Congo,COG,2017,0.16976,0.614345,0.161675,3.270745,0.560306,4.008291,1.44879
1395,Costa Rica,CRI,2013,0.212385,0.841595,0.276925,2.926328,0.764173,2.891387,1.453982
1396,Costa Rica,CRI,2014,0.212742,0.842209,0.280282,2.92924,0.76724,2.895363,1.457502
1397,Costa Rica,CRI,2015,0.213118,0.842788,0.283687,2.932009,0.771107,2.899138,1.461754
1398,Costa Rica,CRI,2016,0.213501,0.843299,0.286636,2.93454,0.775519,2.901079,1.466739
1399,Costa Rica,CRI,2017,0.21389,0.843753,0.289342,2.936829,0.778956,2.904788,1.472594
1423,Cote d'Ivoire,CIV,2013,0.168098,0.617714,0.127799,2.864695,0.503413,3.26737,1.017382
1424,Cote d'Ivoire,CIV,2014,0.168506,0.618243,0.12912,2.867125,0.503608,3.280238,1.015745
1425,Cote d'Ivoire,CIV,2015,0.168989,0.618876,0.131672,2.870304,0.503559,3.296712,1.013954
1426,Cote d'Ivoire,CIV,2016,0.169549,0.619635,0.133961,2.874424,0.503819,3.315851,1.012047
1427,Cote d'Ivoire,CIV,2017,0.170171,0.620477,0.136217,2.879312,0.503957,3.337989,1.009974
1451,Croatia,HRV,2013,0.207752,0.720442,0.215634,3.455337,0.748641,2.782145,2.096025
1452,Croatia,HRV,2014,0.207762,0.720479,0.216748,3.453567,0.741257,2.78089,2.094955
1453,Croatia,HRV,2015,0.207743,0.720525,0.21708,3.451754,0.732889,2.778406,2.092207
1454,Croatia,HRV,2016,0.207679,0.720549,0.217599,3.449816,0.723467,2.778055,2.08746
1455,Croatia,HRV,2017,0.207565,0.720556,0.217975,3.447606,0.713971,2.779842,2.080532
1479,Cuba,CUB,2013,0.20381,0.942693,0.254452,4.621388,0.766544,3.333781,1.724807
1480,Cuba,CUB,2014,0.204009,0.942852,0.257502,4.621936,0.76921,3.326268,1.728006
1481,Cuba,CUB,2015,0.204195,0.943018,0.259617,4.622527,0.771342,3.322598,1.730818
1482,Cuba,CUB,2016,0.20436,0.943172,0.261384,4.623063,0.774737,3.318622,1.733105
1483,Cuba,CUB,2017,0.204501,0.943329,0.263159,4.623594,0.778,3.319131,1.734783
1507,Cyprus,CYP,2013,0.253502,0.937388,0.51119,5.305846,0.560958,3.286091,1.113681
1508,Cyprus,CYP,2014,0.253292,0.937375,0.510435,5.305683,0.564165,3.293437,1.11375
1509,Cyprus,CYP,2015,0.253026,0.937371,0.510185,5.305575,0.568759,3.302054,1.113303
1510,Cyprus,CYP,2016,0.252686,0.937339,0.509021,5.305325,0.574303,3.314551,1.112195
1511,Cyprus,CYP,2017,0.252272,0.937285,0.506721,5.304908,0.580208,3.328111,1.110354
1535,Czech Republic,CZE,2013,0.209173,0.72066,0.237958,3.449667,0.921354,2.695241,2.133916
1536,Czech Republic,CZE,2014,0.209365,0.720872,0.239664,3.448396,0.9318,2.690526,2.129813
1537,Czech Republic,CZE,2015,0.209562,0.721078,0.240712,3.446872,0.946076,2.685547,2.122513
1538,Czech Republic,CZE,2016,0.20977,0.721308,0.242033,3.445213,0.961408,2.679913,2.111766
1539,Czech Republic,CZE,2017,0.209989,0.72157,0.242373,3.443601,0.978265,2.675387,2.097172
1563,Democratic Republic of Congo,COD,2013,0.156267,0.620568,0.082829,3.243077,0.500259,3.934178,1.334917
1564,Democratic Republic of Congo,COD,2014,0.156431,0.62089,0.08488,3.244597,0.502865,3.935312,1.336417
1565,Democratic Republic of Congo,COD,2015,0.156588,0.621254,0.087167,3.246691,0.507088,3.940707,1.337892
1566,Democratic Republic of Congo,COD,2016,0.156741,0.621668,0.089474,3.248882,0.511706,3.947654,1.339501
1567,Democratic Republic of Congo,COD,2017,0.156883,0.622141,0.092542,3.25157,0.517094,3.956872,1.341113
1591,Denmark,DNK,2013,0.254523,1.005467,0.540073,5.317042,0.863583,3.275889,1.781913
1592,Denmark,DNK,2014,0.254513,1.005456,0.540403,5.316366,0.869327,3.277973,1.772537
1593,Denmark,DNK,2015,0.254433,1.005441,0.54071,5.315579,0.877252,3.281306,1.760998
1594,Denmark,DNK,2016,0.254273,1.005443,0.540381,5.314948,0.885161,3.285642,1.747206
1595,Denmark,DNK,2017,0.254017,1.005494,0.540025,5.314635,0.895411,3.291885,1.730723
1619,Djibouti,DJI,2013,0.173376,0.654567,0.130042,3.535494,0.51645,3.576704,1.589182
1620,Djibouti,DJI,2014,0.173816,0.655219,0.131505,3.543055,0.518586,3.579989,1.590056
1621,Djibouti,DJI,2015,0.174312,0.65594,0.132901,3.55146,0.520697,3.587848,1.591044
1622,Djibouti,DJI,2016,0.174859,0.656732,0.134822,3.560601,0.524045,3.597955,1.591806
1623,Djibouti,DJI,2017,0.175444,0.657575,0.13666,3.57065,0.52675,3.60901,1.592237
1647,Dominica,DMA,2013,0.19946,0.888062,0.273001,4.542108,0.892377,2.605361,2.037774
1648,Dominica,DMA,2014,0.199573,0.888184,0.274203,4.542434,0.892872,2.609485,2.051002
1649,Dominica,DMA,2015,0.199683,0.888325,0.275548,4.543011,0.893748,2.615136,2.066019
1650,Dominica,DMA,2016,0.199792,0.888495,0.276527,4.543791,0.894373,2.621363,2.082638
1651,Dominica,DMA,2017,0.199904,0.888732,0.277127,4.544904,0.89565,2.629649,2.100689
1675,Dominican Republic,DOM,2013,0.197884,0.888651,0.288546,4.545974,0.650651,3.031001,1.582674
1676,Dominican Republic,DOM,2014,0.198279,0.889288,0.292275,4.54916,0.657502,3.019259,1.581937
1677,Dominican Republic,DOM,2015,0.198681,0.889925,0.296195,4.552426,0.6643,3.007645,1.580684
1678,Dominican Republic,DOM,2016,0.199078,0.890521,0.300106,4.555483,0.671648,2.99273,1.578866
1679,Dominican Republic,DOM,2017,0.199462,0.891063,0.303058,4.558309,0.680033,2.978523,1.576405
1787,Ecuador,ECU,2013,0.201224,0.88067,0.34601,4.298674,0.668269,2.965013,1.772735
1788,Ecuador,ECU,2014,0.201619,0.881209,0.350229,4.300375,0.668814,2.967176,1.75853
1789,Ecuador,ECU,2015,0.202036,0.881771,0.354659,4.302069,0.668551,2.970413,1.742634
1790,Ecuador,ECU,2016,0.20247,0.882354,0.359142,4.303726,0.669108,2.973805,1.725335
1791,Ecuador,ECU,2017,0.202912,0.882945,0.363733,4.305357,0.668946,2.977117,1.706748
1815,Egypt,EGY,2013,0.186754,0.772306,0.185277,4.349864,1.436287,3.19276,0.664725
1816,Egypt,EGY,2014,0.187059,0.773053,0.187085,4.35339,1.44949,3.202052,0.665289
1817,Egypt,EGY,2015,0.187391,0.773888,0.189265,4.356463,1.45946,3.211476,0.665532
1818,Egypt,EGY,2016,0.187745,0.774814,0.190609,4.359041,1.468257,3.224017,0.665345
1819,Egypt,EGY,2017,0.188117,0.775826,0.192942,4.361023,1.474476,3.238182,0.664616
1843,El Salvador,SLV,2013,0.196091,0.768454,0.234488,2.935404,0.59376,3.02532,2.718957
1844,El Salvador,SLV,2014,0.196483,0.768981,0.236998,2.937975,0.599151,3.025158,2.700236
1845,El Salvador,SLV,2015,0.196909,0.769541,0.239302,2.940689,0.604498,3.024102,2.682717
1846,El Salvador,SLV,2016,0.197357,0.770066,0.241685,2.943086,0.611135,3.025543,2.66758
1847,El Salvador,SLV,2017,0.197831,0.770585,0.243873,2.94522,0.61886,3.025887,2.65543
1899,Equatorial Guinea,GNQ,2013,0.183887,0.622021,0.278119,3.280635,0.542832,4.159764,1.470868
1900,Equatorial Guinea,GNQ,2014,0.184256,0.622371,0.278257,3.279858,0.54681,4.161912,1.473784
1901,Equatorial Guinea,GNQ,2015,0.184624,0.622716,0.27825,3.279457,0.550682,4.163687,1.476384
1902,Equatorial Guinea,GNQ,2016,0.184986,0.623041,0.278128,3.279045,0.556778,4.16468,1.47877
1903,Equatorial Guinea,GNQ,2017,0.185334,0.62335,0.277337,3.278991,0.563293,4.16709,1.480769
1927,Eritrea,ERI,2013,0.15831,0.616258,0.100789,3.649057,0.520482,3.859559,1.750575
1928,Eritrea,ERI,2014,0.158354,0.616504,0.100744,3.652097,0.520971,3.861139,1.745641
1929,Eritrea,ERI,2015,0.158428,0.616791,0.1013,3.655814,0.522229,3.861327,1.740921
1930,Eritrea,ERI,2016,0.158544,0.61714,0.101816,3.660275,0.523399,3.863449,1.736561
1931,Eritrea,ERI,2017,0.158711,0.617569,0.102503,3.665668,0.524821,3.867377,1.732617
1955,Estonia,EST,2013,0.202844,0.708234,0.252233,2.966459,1.133278,3.926684,4.958878
1956,Estonia,EST,2014,0.203149,0.708245,0.251934,2.965608,1.133075,3.902099,4.912332
1957,Estonia,EST,2015,0.203442,0.708249,0.251524,2.964644,1.131572,3.880068,4.855356
1958,Estonia,EST,2016,0.203719,0.708246,0.251266,2.963537,1.12996,3.861329,4.788716
1959,Estonia,EST,2017,0.203978,0.708241,0.250271,2.962244,1.126665,3.848854,4.713617
1983,Ethiopia,ETH,2013,0.161725,0.626377,0.098384,3.708096,0.487268,3.846646,1.864515
1984,Ethiopia,ETH,2014,0.162503,0.626696,0.100975,3.713517,0.489747,3.837745,1.865668
1985,Ethiopia,ETH,2015,0.163285,0.626978,0.103668,3.719316,0.492687,3.829889,1.865996
1986,Ethiopia,ETH,2016,0.164061,0.627216,0.106542,3.725562,0.495595,3.822573,1.865476
1987,Ethiopia,ETH,2017,0.164823,0.627391,0.109817,3.731997,0.498949,3.816266,1.863893
2011,Fiji,FJI,2013,0.23749,0.451292,0.142736,3.270336,0.748702,3.18011,1.10279
2012,Fiji,FJI,2014,0.237749,0.451596,0.143668,3.273137,0.751021,3.179131,1.104453
2013,Fiji,FJI,2015,0.23802,0.451918,0.144976,3.276218,0.753351,3.178253,1.105823
2014,Fiji,FJI,2016,0.238295,0.452253,0.146452,3.279308,0.755823,3.176044,1.106866
2015,Fiji,FJI,2017,0.238572,0.452605,0.147253,3.282447,0.757352,3.171898,1.107545
2039,Finland,FIN,2013,0.266139,1.004433,0.591736,3.748436,0.905664,4.916404,2.776273
2040,Finland,FIN,2014,0.264376,1.004703,0.59194,3.749012,0.916403,4.888971,2.743361
2041,Finland,FIN,2015,0.262308,1.005044,0.59266,3.749912,0.926837,4.857565,2.70387
2042,Finland,FIN,2016,0.259967,1.005369,0.593479,3.750722,0.939321,4.825886,2.657734
2043,Finland,FIN,2017,0.257444,1.005826,0.594938,3.752062,0.951914,4.792736,2.605061
2067,France,FRA,2013,0.256916,0.961043,0.564262,6.648781,1.218236,4.32967,1.482519
2068,France,FRA,2014,0.256726,0.960326,0.566911,6.643231,1.213052,4.316753,1.471849
2069,France,FRA,2015,0.256537,0.959573,0.569338,6.637445,1.204663,4.299326,1.457863
2070,France,FRA,2016,0.256378,0.958875,0.571357,6.632055,1.19465,4.278159,1.440362
2071,France,FRA,2017,0.256238,0.958199,0.573755,6.62671,1.179268,4.253807,1.418958
2095,Gabon,GAB,2013,0.181112,0.637835,0.222139,3.290354,0.570604,4.054203,1.482777
2096,Gabon,GAB,2014,0.181185,0.637957,0.223059,3.292458,0.570362,4.051451,1.478718
2097,Gabon,GAB,2015,0.181283,0.638098,0.223865,3.29489,0.569826,4.049274,1.474538
2098,Gabon,GAB,2016,0.181401,0.638207,0.225076,3.296966,0.570907,4.048539,1.470468
2099,Gabon,GAB,2017,0.181546,0.638333,0.226577,3.299512,0.571614,4.049029,1.466265
2123,Gambia,GMB,2013,0.16951,0.645256,0.112817,2.904112,0.485191,4.12743,0.943303
2124,Gambia,GMB,2014,0.169544,0.645481,0.112831,2.905716,0.488557,4.132475,0.943531
2125,Gambia,GMB,2015,0.169585,0.645736,0.11323,2.907775,0.492627,4.13884,0.943623
2126,Gambia,GMB,2016,0.16963,0.646006,0.11326,2.910321,0.496933,4.148847,0.943562
2127,Gambia,GMB,2017,0.169677,0.646285,0.113298,2.913376,0.501447,4.158517,0.943238
2151,Georgia,GEO,2013,0.194697,0.707667,0.161859,2.597842,0.474956,2.789678,2.055383
2152,Georgia,GEO,2014,0.195209,0.707955,0.164708,2.598647,0.478933,2.791195,2.062926
2153,Georgia,GEO,2015,0.195737,0.708309,0.166974,2.599692,0.483852,2.793426,2.070307
2154,Georgia,GEO,2016,0.196261,0.708685,0.169635,2.600914,0.488798,2.79403,2.077194
2155,Georgia,GEO,2017,0.196776,0.709099,0.17164,2.602456,0.494333,2.797379,2.083073
2179,Germany,DEU,2013,0.251527,0.781089,0.520611,6.580384,0.899359,3.934021,2.012938
2180,Germany,DEU,2014,0.251591,0.780441,0.521992,6.57494,0.896422,3.940119,1.974528
2181,Germany,DEU,2015,0.25172,0.779517,0.522847,6.566759,0.893847,3.946206,1.927178
2182,Germany,DEU,2016,0.251956,0.777822,0.521596,6.54799,0.8909,3.949598,1.874791
2183,Germany,DEU,2017,0.252269,0.776762,0.522066,6.540496,0.883827,3.959866,1.806475
2207,Ghana,GHA,2013,0.172728,0.639171,0.136281,2.913824,0.607083,3.372319,0.998674
2208,Ghana,GHA,2014,0.173326,0.639912,0.138663,2.918105,0.611094,3.375781,1.000832
2209,Ghana,GHA,2015,0.174007,0.640804,0.141231,2.923209,0.615468,3.382018,1.003159
2210,Ghana,GHA,2016,0.174769,0.641861,0.144081,2.92928,0.620411,3.388093,1.005638
2211,Ghana,GHA,2017,0.175606,0.643099,0.147452,2.936416,0.625915,3.396647,1.008257
2235,Greece,GRC,2013,0.25375,0.947666,0.573752,5.80382,0.53723,4.272856,1.135179
2236,Greece,GRC,2014,0.253543,0.947957,0.572011,5.801559,0.541156,4.252704,1.133881
2237,Greece,GRC,2015,0.2533,0.948286,0.568756,5.798518,0.54563,4.231759,1.131753
2238,Greece,GRC,2016,0.253015,0.948612,0.565342,5.794717,0.549305,4.208264,1.128556
2239,Greece,GRC,2017,0.252701,0.948926,0.559324,5.790228,0.552602,4.185864,1.124257
2263,Greenland,GRL,2013,0.318891,0.593635,0.530607,5.701401,1.921335,6.372324,3.271046
2264,Greenland,GRL,2014,0.319439,0.594009,0.533453,5.707748,1.939366,6.346992,3.227167
2265,Greenland,GRL,2015,0.320176,0.594414,0.535706,5.712688,1.957158,6.314134,3.18089
2266,Greenland,GRL,2016,0.321111,0.594937,0.537315,5.716279,1.975086,6.272119,3.134969
2267,Greenland,GRL,2017,0.32225,0.595421,0.539069,5.722163,1.994755,6.233635,3.086688
2291,Grenada,GRD,2013,0.199385,0.892937,0.282391,4.535421,0.771935,2.77609,1.725146
2292,Grenada,GRD,2014,0.199527,0.89312,0.283951,4.533806,0.772086,2.773385,1.730807
2293,Grenada,GRD,2015,0.199652,0.893311,0.285699,4.532445,0.772301,2.772361,1.736153
2294,Grenada,GRD,2016,0.199751,0.893483,0.287347,4.53119,0.773229,2.770682,1.741054
2295,Grenada,GRD,2017,0.199822,0.893647,0.288174,4.530095,0.774008,2.770066,1.745439
2319,Guam,GUM,2013,0.261305,0.478692,0.250873,3.315904,0.802913,3.517599,1.257481
2320,Guam,GUM,2014,0.261292,0.47857,0.250894,3.314056,0.804113,3.514454,1.261902
2321,Guam,GUM,2015,0.261287,0.47846,0.251294,3.312318,0.804863,3.50987,1.266547
2322,Guam,GUM,2016,0.261274,0.478342,0.252103,3.310477,0.805646,3.502616,1.271352
2323,Guam,GUM,2017,0.261254,0.478223,0.253393,3.308606,0.80633,3.492856,1.276184
2347,Guatemala,GTM,2013,0.19223,0.741241,0.225906,2.898381,0.678452,3.28505,2.696392
2348,Guatemala,GTM,2014,0.192491,0.741737,0.227451,2.900451,0.677763,3.265867,2.683841
2349,Guatemala,GTM,2015,0.192765,0.742245,0.228957,2.902515,0.677789,3.249042,2.670481
2350,Guatemala,GTM,2016,0.193053,0.742788,0.230272,2.904734,0.677471,3.231614,2.656497
2351,Guatemala,GTM,2017,0.193344,0.743332,0.23211,2.906947,0.678176,3.216025,2.642026
2375,Guinea,GIN,2013,0.16519,0.628347,0.107999,2.892857,0.440238,3.542947,0.939625
2376,Guinea,GIN,2014,0.165411,0.628632,0.109006,2.894246,0.443211,3.546566,0.941168
2377,Guinea,GIN,2015,0.165683,0.628972,0.109931,2.896095,0.446693,3.550241,0.942849
2378,Guinea,GIN,2016,0.166012,0.629384,0.111306,2.89844,0.450933,3.555368,0.944475
2379,Guinea,GIN,2017,0.166393,0.629857,0.112388,2.901304,0.456326,3.560933,0.946133
2403,Guinea-Bissau,GNB,2013,0.162363,0.613681,0.108033,2.909167,0.469464,3.655794,0.982789
2404,Guinea-Bissau,GNB,2014,0.162516,0.613949,0.108792,2.910359,0.472549,3.659408,0.982175
2405,Guinea-Bissau,GNB,2015,0.162693,0.614228,0.109678,2.911761,0.475158,3.660965,0.981464
2406,Guinea-Bissau,GNB,2016,0.162894,0.614515,0.110119,2.913378,0.478736,3.66221,0.980685
2407,Guinea-Bissau,GNB,2017,0.163117,0.614791,0.110999,2.915177,0.482693,3.66543,0.979754
2431,Guyana,GUY,2013,0.184738,0.843181,0.223114,4.524978,0.714233,4.23094,2.048957
2432,Guyana,GUY,2014,0.185126,0.843879,0.226556,4.530527,0.71681,4.217238,2.052116
2433,Guyana,GUY,2015,0.185546,0.844592,0.230387,4.536003,0.720859,4.196997,2.055865
2434,Guyana,GUY,2016,0.185998,0.845338,0.233461,4.541543,0.726174,4.173174,2.060072
2435,Guyana,GUY,2017,0.186468,0.846088,0.237636,4.547027,0.732391,4.141724,2.064557
2459,Haiti,HTI,2013,0.171961,0.799794,0.158325,4.508108,0.622701,2.96962,1.660487
2460,Haiti,HTI,2014,0.172057,0.800129,0.158665,4.510442,0.62742,2.967465,1.658685
2461,Haiti,HTI,2015,0.172146,0.800496,0.1594,4.512905,0.632717,2.964077,1.656284
2462,Haiti,HTI,2016,0.172228,0.800913,0.160097,4.515562,0.638273,2.959489,1.653282
2463,Haiti,HTI,2017,0.172298,0.801382,0.16079,4.518425,0.64397,2.957782,1.649577
2599,Honduras,HND,2013,0.188718,0.749515,0.197404,2.861206,0.689584,2.739904,1.765952
2600,Honduras,HND,2014,0.188971,0.75014,0.198699,2.864642,0.692461,2.74293,1.766275
2601,Honduras,HND,2015,0.189238,0.750783,0.201099,2.868273,0.696499,2.74576,1.766644
2602,Honduras,HND,2016,0.18952,0.751426,0.202624,2.87193,0.699991,2.74957,1.767381
2603,Honduras,HND,2017,0.189815,0.752072,0.203339,2.875551,0.705705,2.752301,1.768607
2627,Hungary,HUN,2013,0.204916,0.702652,0.231261,3.461858,0.724376,2.752576,2.16241
2628,Hungary,HUN,2014,0.205079,0.702827,0.232606,3.460273,0.721496,2.753656,2.149119
2629,Hungary,HUN,2015,0.205242,0.703031,0.234708,3.458544,0.717386,2.754503,2.135476
2630,Hungary,HUN,2016,0.205388,0.703222,0.236107,3.45659,0.708897,2.758478,2.121472
2631,Hungary,HUN,2017,0.205524,0.703435,0.237686,3.454657,0.699142,2.765242,2.107394
2655,Iceland,ISL,2013,0.256879,0.967422,0.55314,5.293785,0.689168,3.361856,1.218249
2656,Iceland,ISL,2014,0.256999,0.968336,0.555098,5.294874,0.695549,3.361046,1.224274
2657,Iceland,ISL,2015,0.257168,0.969292,0.556969,5.294539,0.703828,3.360755,1.231484
2658,Iceland,ISL,2016,0.257376,0.970194,0.557838,5.29282,0.713351,3.360144,1.240083
2659,Iceland,ISL,2017,0.257617,0.971122,0.558014,5.290988,0.725036,3.361665,1.249029
2683,India,IND,2013,0.262489,0.555729,0.144873,3.289877,0.509329,3.5134,1.147224
2684,India,IND,2014,0.261596,0.55605,0.147937,3.292164,0.513028,3.513171,1.135894
2685,India,IND,2015,0.260509,0.55639,0.15115,3.294846,0.517256,3.515554,1.128306
2686,India,IND,2016,0.259256,0.556744,0.154442,3.298067,0.522072,3.520805,1.125008
2687,India,IND,2017,0.257864,0.557112,0.157758,3.301939,0.527411,3.529853,1.126607
2711,Indonesia,IDN,2013,0.226495,0.539385,0.136988,3.273531,0.575353,2.615656,0.647894
2712,Indonesia,IDN,2014,0.227347,0.539632,0.139724,3.274875,0.578526,2.619625,0.648908
2713,Indonesia,IDN,2015,0.228273,0.539916,0.142546,3.276482,0.581601,2.625926,0.649699
2714,Indonesia,IDN,2016,0.22926,0.540234,0.145616,3.278178,0.585003,2.633091,0.650252
2715,Indonesia,IDN,2017,0.230297,0.540591,0.148782,3.28022,0.588079,2.642736,0.650506
2739,Iran,IRN,2013,0.201403,0.814917,0.230115,7.141422,2.038561,4.975984,0.585557
2740,Iran,IRN,2014,0.201429,0.815091,0.230971,7.105909,2.023091,5.005541,0.583151
2741,Iran,IRN,2015,0.201429,0.815302,0.231553,7.055339,2.006893,5.039831,0.581339
2742,Iran,IRN,2016,0.20139,0.81552,0.231852,6.9876,1.98971,5.077386,0.580181
2743,Iran,IRN,2017,0.201307,0.81576,0.231894,6.9009,1.97166,5.116345,0.579778
2767,Iraq,IRQ,2013,0.187774,0.664742,0.19421,4.700384,1.718023,3.749134,0.654428
2768,Iraq,IRQ,2014,0.188192,0.665088,0.197429,4.704734,1.689909,3.778974,0.654013
2769,Iraq,IRQ,2015,0.188659,0.665481,0.201027,4.710038,1.656386,3.813491,0.653408
2770,Iraq,IRQ,2016,0.189173,0.665932,0.204729,4.716061,1.614594,3.850367,0.652618
2771,Iraq,IRQ,2017,0.189729,0.666431,0.208672,4.722673,1.569569,3.891163,0.651614
2795,Ireland,IRL,2013,0.326688,0.80391,0.537966,5.828983,1.055558,4.317934,2.12911
2796,Ireland,IRL,2014,0.327089,0.804283,0.543195,5.831698,1.055843,4.301374,2.127247
2797,Ireland,IRL,2015,0.327456,0.804668,0.549164,5.83418,1.054477,4.286581,2.123721
2798,Ireland,IRL,2016,0.327779,0.80506,0.554509,5.836752,1.053908,4.269448,2.118275
2799,Ireland,IRL,2017,0.328008,0.805432,0.559995,5.839092,1.053862,4.250921,2.109848
2823,Israel,ISR,2013,0.262064,0.922852,0.445398,3.076188,0.692602,3.996729,0.509059
2824,Israel,ISR,2014,0.261536,0.923216,0.448385,3.07424,0.698462,3.960832,0.506
2825,Israel,ISR,2015,0.260875,0.923693,0.452504,3.071555,0.703864,3.92133,0.503205
2826,Israel,ISR,2016,0.260075,0.924225,0.457104,3.06786,0.710449,3.876893,0.500657
2827,Israel,ISR,2017,0.259139,0.924802,0.461175,3.063078,0.71822,3.832221,0.498381
2851,Italy,ITA,2013,0.236809,0.946552,0.621421,5.632414,1.282892,3.454904,0.466905
2852,Italy,ITA,2014,0.236688,0.946582,0.622273,5.631731,1.252637,3.456543,0.46645
2853,Italy,ITA,2015,0.236545,0.946536,0.623938,5.630367,1.219242,3.458618,0.465702
2854,Italy,ITA,2016,0.236385,0.946428,0.624953,5.628456,1.184988,3.459977,0.464585
2855,Italy,ITA,2017,0.236197,0.946257,0.626784,5.626121,1.148015,3.464256,0.462937
2879,Jamaica,JAM,2013,0.199179,0.926957,0.258106,4.572443,0.953076,2.563119,1.450576
2880,Jamaica,JAM,2014,0.199222,0.927137,0.258697,4.573627,0.951748,2.56829,1.448373
2881,Jamaica,JAM,2015,0.199259,0.927324,0.259079,4.574925,0.950794,2.575587,1.444198
2882,Jamaica,JAM,2016,0.199275,0.927481,0.260215,4.576234,0.949323,2.582892,1.437436
2883,Jamaica,JAM,2017,0.19927,0.927605,0.25965,4.577528,0.947371,2.592385,1.427646
2907,Japan,JPN,2013,0.302834,0.688129,0.45934,3.559258,0.894621,3.195748,0.571439
2908,Japan,JPN,2014,0.30175,0.688187,0.458556,3.561857,0.900339,3.227353,0.573932
2909,Japan,JPN,2015,0.300201,0.688256,0.457507,3.564487,0.906163,3.262431,0.57671
2910,Japan,JPN,2016,0.298155,0.688317,0.456005,3.566992,0.911801,3.300907,0.579705
2911,Japan,JPN,2017,0.295578,0.688354,0.454379,3.569054,0.918163,3.341565,0.58288
2935,Jordan,JOR,2013,0.192991,0.810637,0.185897,4.89914,1.573986,3.558155,0.655361
2936,Jordan,JOR,2014,0.193194,0.810784,0.187014,4.895531,1.588472,3.556434,0.656199
2937,Jordan,JOR,2015,0.193415,0.810958,0.1876,4.892519,1.6017,3.55496,0.656819
2938,Jordan,JOR,2016,0.193645,0.811141,0.187787,4.890141,1.61189,3.558849,0.657132
2939,Jordan,JOR,2017,0.193886,0.811332,0.188925,4.88835,1.620545,3.563602,0.657092
2963,Kazakhstan,KAZ,2013,0.19784,0.665773,0.217535,2.601346,0.645576,3.520886,3.583238
2964,Kazakhstan,KAZ,2014,0.198389,0.66612,0.220428,2.602723,0.638425,3.519001,3.55546
2965,Kazakhstan,KAZ,2015,0.19892,0.666498,0.22357,2.604275,0.629521,3.515736,3.512509
2966,Kazakhstan,KAZ,2016,0.199423,0.666898,0.225733,2.605924,0.617783,3.513734,3.451337
2967,Kazakhstan,KAZ,2017,0.199892,0.667338,0.227918,2.607806,0.605455,3.511775,3.369006
2991,Kenya,KEN,2013,0.169687,0.640907,0.128576,3.621163,0.479671,3.529982,1.25176
2992,Kenya,KEN,2014,0.169936,0.641046,0.129955,3.625599,0.4816,3.521565,1.250476
2993,Kenya,KEN,2015,0.170214,0.641196,0.131502,3.630832,0.483446,3.514888,1.249349
2994,Kenya,KEN,2016,0.170516,0.641343,0.133225,3.636768,0.485365,3.510561,1.248482
2995,Kenya,KEN,2017,0.170836,0.641478,0.135005,3.643353,0.486994,3.508419,1.247794
3019,Kiribati,KIR,2013,0.208295,0.423866,0.092163,3.278587,0.71445,3.185641,1.052077
3020,Kiribati,KIR,2014,0.208252,0.423904,0.09222,3.280142,0.716797,3.183151,1.052351
3021,Kiribati,KIR,2015,0.208208,0.42395,0.092558,3.281799,0.717381,3.180351,1.052312
3022,Kiribati,KIR,2016,0.208158,0.423995,0.092951,3.283057,0.719805,3.17669,1.051966
3023,Kiribati,KIR,2017,0.208108,0.424041,0.093614,3.284168,0.720942,3.172754,1.051227
3047,Kuwait,KWT,2013,0.214925,0.862206,0.343039,4.898053,1.592436,3.571217,0.681867
3048,Kuwait,KWT,2014,0.214931,0.862972,0.344546,4.915922,1.594713,3.582742,0.681029
3049,Kuwait,KWT,2015,0.21492,0.863718,0.345496,4.933717,1.597621,3.598983,0.680048
3050,Kuwait,KWT,2016,0.214902,0.864476,0.346072,4.951041,1.597242,3.616657,0.678895
3051,Kuwait,KWT,2017,0.214851,0.865134,0.34658,4.967279,1.594543,3.635679,0.677425
3075,Kyrgyzstan,KGZ,2013,0.180913,0.662894,0.123805,2.556343,0.538079,3.064054,2.926952
3076,Kyrgyzstan,KGZ,2014,0.181177,0.663178,0.125084,2.557721,0.532862,3.060367,2.885961
3077,Kyrgyzstan,KGZ,2015,0.181469,0.663506,0.126155,2.559233,0.52777,3.056355,2.839514
3078,Kyrgyzstan,KGZ,2016,0.181777,0.663849,0.126846,2.560835,0.519809,3.055067,2.788398
3079,Kyrgyzstan,KGZ,2017,0.182097,0.664215,0.127525,2.562742,0.51165,3.053673,2.733093
3103,Laos,LAO,2013,0.211746,0.531441,0.116619,4.208834,0.670158,2.876081,0.919835
3104,Laos,LAO,2014,0.212831,0.531923,0.119333,4.212256,0.66798,2.882535,0.919295
3105,Laos,LAO,2015,0.21398,0.53243,0.122156,4.215903,0.666111,2.890786,0.918794
3106,Laos,LAO,2016,0.215194,0.532987,0.125113,4.21998,0.662512,2.900348,0.918383
3107,Laos,LAO,2017,0.216455,0.533568,0.128172,4.224294,0.659139,2.912431,0.918019
3159,Latvia,LVA,2013,0.198386,0.695983,0.219102,2.943858,1.030496,3.493617,4.486722
3160,Latvia,LVA,2014,0.198699,0.696078,0.221106,2.943887,1.034203,3.493358,4.474335
3161,Latvia,LVA,2015,0.199003,0.696198,0.222607,2.944219,1.038212,3.493756,4.457263
3162,Latvia,LVA,2016,0.19927,0.696271,0.22384,2.944511,1.041067,3.49462,4.435188
3163,Latvia,LVA,2017,0.19951,0.696349,0.225275,2.94495,1.041688,3.499571,4.408781
3187,Lebanon,LBN,2013,0.197686,0.99491,0.215774,6.068011,2.137945,3.773901,0.658934
3188,Lebanon,LBN,2014,0.19786,0.995324,0.216987,6.070856,2.163488,3.751703,0.659549
3189,Lebanon,LBN,2015,0.198035,0.995697,0.217924,6.073276,2.185748,3.728943,0.659943
3190,Lebanon,LBN,2016,0.198207,0.995968,0.218613,6.074404,2.206916,3.703887,0.660091
3191,Lebanon,LBN,2017,0.198376,0.996153,0.219049,6.074356,2.227297,3.676734,0.659929
3215,Lesotho,LSO,2013,0.159581,0.605271,0.130242,3.472778,0.764596,5.622644,1.676441
3216,Lesotho,LSO,2014,0.159974,0.605501,0.132214,3.474465,0.766441,5.626747,1.673038
3217,Lesotho,LSO,2015,0.160409,0.605756,0.133521,3.476457,0.768028,5.63104,1.668428
3218,Lesotho,LSO,2016,0.160878,0.606023,0.135087,3.47872,0.768944,5.63577,1.662429
3219,Lesotho,LSO,2017,0.161376,0.606321,0.136801,3.481456,0.768875,5.636661,1.654872
3243,Liberia,LBR,2013,0.160034,0.629319,0.087465,2.87105,0.507381,3.773608,0.947922
3244,Liberia,LBR,2014,0.160325,0.629546,0.088483,2.872915,0.509358,3.779556,0.948623
3245,Liberia,LBR,2015,0.160661,0.629811,0.089465,2.875233,0.510904,3.786835,0.949272
3246,Liberia,LBR,2016,0.161041,0.630127,0.090387,2.878097,0.513762,3.793659,0.949899
3247,Liberia,LBR,2017,0.161454,0.630479,0.091591,2.881373,0.515267,3.803038,0.950462
3271,Libya,LBY,2013,0.19771,0.804911,0.237818,4.973071,2.546366,3.787516,0.685322
3272,Libya,LBY,2014,0.196752,0.804668,0.229695,4.973538,2.566132,3.790888,0.684334
3273,Libya,LBY,2015,0.195619,0.804456,0.22034,4.974983,2.582395,3.797078,0.683152
3274,Libya,LBY,2016,0.194301,0.804115,0.208689,4.975948,2.597734,3.799836,0.681672
3275,Libya,LBY,2017,0.192849,0.803737,0.195726,4.97646,2.607753,3.804791,0.680014
3299,Lithuania,LTU,2013,0.1986,0.697127,0.221894,2.926594,0.589413,4.176505,4.534467
3300,Lithuania,LTU,2014,0.199167,0.697776,0.225181,2.928742,0.597858,4.168826,4.51793
3301,Lithuania,LTU,2015,0.19976,0.698522,0.228347,2.931244,0.607837,4.158024,4.494683
3302,Lithuania,LTU,2016,0.200374,0.699381,0.231187,2.93414,0.618851,4.150702,4.464844
3303,Lithuania,LTU,2017,0.200982,0.700278,0.234095,2.937224,0.631073,4.143254,4.428001
3383,Luxembourg,LUX,2013,0.263177,0.934146,0.736174,5.318464,0.947686,3.618721,1.372449
3384,Luxembourg,LUX,2014,0.263268,0.934179,0.737177,5.317404,0.944089,3.616397,1.368371
3385,Luxembourg,LUX,2015,0.263374,0.934318,0.737774,5.316953,0.940479,3.615115,1.363452
3386,Luxembourg,LUX,2016,0.263502,0.934455,0.738064,5.316325,0.937419,3.616485,1.358456
3387,Luxembourg,LUX,2017,0.263622,0.934681,0.737917,5.316516,0.933753,3.617719,1.353234
3411,Macedonia,MKD,2013,0.201396,0.710074,0.176918,3.393958,0.485486,2.334899,1.877636
3412,Macedonia,MKD,2014,0.201703,0.710353,0.178685,3.39343,0.488529,2.333791,1.87791
3413,Macedonia,MKD,2015,0.202024,0.710647,0.1804,3.392779,0.491339,2.332124,1.876968
3414,Macedonia,MKD,2016,0.202345,0.710926,0.182335,3.392157,0.494863,2.331982,1.874281
3415,Macedonia,MKD,2017,0.202672,0.711225,0.184161,3.391595,0.498625,2.332386,1.869546
3439,Madagascar,MDG,2013,0.163537,0.631243,0.102423,3.556435,0.492535,3.690235,1.509885
3440,Madagascar,MDG,2014,0.163678,0.631545,0.103171,3.561716,0.493301,3.692832,1.510143
3441,Madagascar,MDG,2015,0.163845,0.631889,0.103769,3.567933,0.494041,3.696718,1.510022
3442,Madagascar,MDG,2016,0.164047,0.632303,0.105026,3.575132,0.495276,3.70291,1.509461
3443,Madagascar,MDG,2017,0.16428,0.632774,0.106417,3.583301,0.496779,3.708514,1.508369
3467,Malawi,MWI,2013,0.153756,0.603874,0.09866,3.620989,0.501255,3.356859,1.609757
3468,Malawi,MWI,2014,0.153945,0.604386,0.098966,3.629756,0.502593,3.372101,1.608669
3469,Malawi,MWI,2015,0.154141,0.604941,0.099678,3.639366,0.50462,3.392795,1.607572
3470,Malawi,MWI,2016,0.154339,0.605538,0.100071,3.649814,0.506466,3.417237,1.606335
3471,Malawi,MWI,2017,0.154533,0.606166,0.100349,3.660937,0.509184,3.446137,1.604984
3495,Malaysia,MYS,2013,0.249653,0.577548,0.19244,4.4471,0.657346,3.415474,0.643964
3496,Malaysia,MYS,2014,0.250391,0.577865,0.194833,4.425306,0.660581,3.435105,0.644145
3497,Malaysia,MYS,2015,0.251197,0.578247,0.196888,4.399844,0.664769,3.461155,0.644343
3498,Malaysia,MYS,2016,0.252067,0.578704,0.199211,4.371437,0.669224,3.489505,0.644619
3499,Malaysia,MYS,2017,0.252984,0.579224,0.201462,4.340783,0.673644,3.520854,0.644969
3523,Maldives,MDV,2013,0.240879,0.563636,0.155907,3.207771,0.672206,3.163579,0.81515
3524,Maldives,MDV,2014,0.241898,0.56407,0.156372,3.196215,0.68032,3.145486,0.821018
3525,Maldives,MDV,2015,0.242883,0.564472,0.156449,3.18518,0.686627,3.127677,0.826247
3526,Maldives,MDV,2016,0.243821,0.564826,0.156533,3.174837,0.692803,3.112616,0.830768
3527,Maldives,MDV,2017,0.244707,0.565133,0.157214,3.165132,0.696757,3.09997,0.834551
3551,Mali,MLI,2013,0.166936,0.627752,0.113804,2.880975,0.433597,2.947397,0.904004
3552,Mali,MLI,2014,0.167126,0.628014,0.114898,2.882454,0.436461,2.958984,0.904403
3553,Mali,MLI,2015,0.16733,0.628281,0.115126,2.884228,0.439086,2.973458,0.904602
3554,Mali,MLI,2016,0.167539,0.628543,0.116156,2.886279,0.442756,2.988319,0.904496
3555,Mali,MLI,2017,0.167751,0.628798,0.116675,2.888672,0.445888,3.00742,0.90405
3579,Malta,MLT,2013,0.256622,0.962061,0.496907,5.317038,0.873497,3.333244,1.107984
3580,Malta,MLT,2014,0.256825,0.962254,0.502084,5.316904,0.872936,3.339847,1.108806
3581,Malta,MLT,2015,0.257058,0.962467,0.507238,5.317005,0.870169,3.347923,1.109213
3582,Malta,MLT,2016,0.25733,0.962704,0.512867,5.31739,0.868233,3.359126,1.10931
3583,Malta,MLT,2017,0.257632,0.96295,0.51914,5.317984,0.864663,3.374137,1.109284
3607,Marshall Islands,MHL,2013,0.217933,0.428918,0.11048,3.235232,0.769326,3.11859,1.222107
3608,Marshall Islands,MHL,2014,0.218096,0.428971,0.110561,3.236219,0.770246,3.115877,1.22307
3609,Marshall Islands,MHL,2015,0.218266,0.429012,0.111351,3.237136,0.771473,3.113196,1.223855
3610,Marshall Islands,MHL,2016,0.21844,0.429043,0.112011,3.238067,0.772851,3.108909,1.224377
3611,Marshall Islands,MHL,2017,0.218616,0.429062,0.111895,3.238921,0.774688,3.104347,1.224633
3635,Mauritania,MRT,2013,0.178262,0.660655,0.140629,2.923257,0.490322,3.032817,0.926932
3636,Mauritania,MRT,2014,0.178508,0.661032,0.141846,2.925506,0.494312,3.044486,0.927758
3637,Mauritania,MRT,2015,0.17875,0.661409,0.142904,2.927931,0.49825,3.059015,0.928407
3638,Mauritania,MRT,2016,0.178985,0.6618,0.144351,2.930587,0.502163,3.07509,0.928828
3639,Mauritania,MRT,2017,0.179205,0.6622,0.145276,2.933461,0.506015,3.094161,0.928977
3663,Mauritius,MUS,2013,0.239192,0.563806,0.174979,3.318807,0.70622,3.514981,1.292702
3664,Mauritius,MUS,2014,0.239853,0.564011,0.176574,3.319623,0.707881,3.505226,1.296276
3665,Mauritius,MUS,2015,0.240582,0.564243,0.179304,3.320624,0.708793,3.495053,1.299377
3666,Mauritius,MUS,2016,0.241363,0.564494,0.181509,3.321764,0.71095,3.486806,1.301878
3667,Mauritius,MUS,2017,0.242185,0.564757,0.184433,3.322963,0.71079,3.478524,1.303688
3691,Mexico,MEX,2013,0.210926,0.817235,0.311076,3.179422,0.791268,2.761886,1.728491
3692,Mexico,MEX,2014,0.211124,0.817657,0.312298,3.181159,0.797294,2.766085,1.729703
3693,Mexico,MEX,2015,0.211334,0.818093,0.313727,3.182934,0.804195,2.772136,1.730384
3694,Mexico,MEX,2016,0.211551,0.818522,0.315249,3.184675,0.812158,2.779875,1.730409
3695,Mexico,MEX,2017,0.211765,0.818921,0.316975,3.186326,0.820863,2.788807,1.729604
3719,Micronesia (country),FSM,2013,0.219218,0.437265,0.108547,3.256256,0.770448,3.151594,1.175879
3720,Micronesia (country),FSM,2014,0.219244,0.437299,0.108805,3.255773,0.771159,3.148351,1.177596
3721,Micronesia (country),FSM,2015,0.219265,0.437317,0.108879,3.255433,0.772385,3.144954,1.178944
3722,Micronesia (country),FSM,2016,0.219282,0.437311,0.10896,3.254775,0.772896,3.140201,1.179945
3723,Micronesia (country),FSM,2017,0.219298,0.437294,0.109113,3.254045,0.774408,3.134619,1.18054
3775,Moldova,MDA,2013,0.182492,0.679397,0.135778,2.885238,0.642181,3.432848,4.042428
3776,Moldova,MDA,2014,0.182812,0.679781,0.137362,2.886024,0.647527,3.431623,4.057604
3777,Moldova,MDA,2015,0.183131,0.680177,0.139005,2.886766,0.652813,3.430092,4.068838
3778,Moldova,MDA,2016,0.183429,0.68054,0.140388,2.887398,0.657533,3.431132,4.074572
3779,Moldova,MDA,2017,0.18371,0.680891,0.141701,2.887918,0.661416,3.432549,4.074256
3803,Mongolia,MNG,2013,0.188076,0.653285,0.166452,2.53239,0.525421,3.56871,3.475177
3804,Mongolia,MNG,2014,0.188694,0.653615,0.169617,2.54142,0.527485,3.560252,3.478852
3805,Mongolia,MNG,2015,0.189334,0.653948,0.173016,2.551804,0.528367,3.550133,3.480908
3806,Mongolia,MNG,2016,0.189989,0.654278,0.176766,2.563072,0.52969,3.53802,3.480955
3807,Mongolia,MNG,2017,0.190648,0.654601,0.180157,2.57518,0.530315,3.525488,3.478108
3831,Montenegro,MNE,2013,0.202192,0.711952,0.188755,3.429234,0.615684,2.577204,1.856355
3832,Montenegro,MNE,2014,0.202449,0.712186,0.190406,3.428189,0.612233,2.573647,1.857198
3833,Montenegro,MNE,2015,0.202715,0.712429,0.191711,3.42693,0.608275,2.57097,1.856434
3834,Montenegro,MNE,2016,0.202979,0.712658,0.193395,3.425511,0.605848,2.564183,1.853489
3835,Montenegro,MNE,2017,0.203248,0.712896,0.194161,3.423967,0.60265,2.55864,1.848102
3859,Morocco,MAR,2013,0.18525,0.780218,0.167708,4.983161,1.601102,5.61772,0.573896
3860,Morocco,MAR,2014,0.185552,0.7806,0.169519,4.98358,1.612359,5.574992,0.574499
3861,Morocco,MAR,2015,0.185884,0.781004,0.171629,4.984392,1.623631,5.526705,0.574894
3862,Morocco,MAR,2016,0.186242,0.78142,0.173458,4.985492,1.632084,5.472267,0.575041
3863,Morocco,MAR,2017,0.186616,0.781827,0.175569,4.986826,1.636353,5.413573,0.574866
3887,Mozambique,MOZ,2013,0.154957,0.609382,0.098348,3.6384,0.517469,3.883633,1.68907
3888,Mozambique,MOZ,2014,0.155276,0.609829,0.099549,3.645931,0.519685,3.887694,1.693423
3889,Mozambique,MOZ,2015,0.155592,0.610276,0.100742,3.65426,0.522644,3.891948,1.698174
3890,Mozambique,MOZ,2016,0.155892,0.610697,0.102066,3.663048,0.526056,3.895806,1.703293
3891,Mozambique,MOZ,2017,0.156176,0.611099,0.103227,3.672136,0.528699,3.901795,1.708856
3915,Myanmar,MMR,2013,0.209678,0.508697,0.114334,3.301534,0.568487,2.267493,0.868909
3916,Myanmar,MMR,2014,0.210781,0.509153,0.117105,3.304862,0.57025,2.274676,0.869608
3917,Myanmar,MMR,2015,0.211861,0.509602,0.120132,3.307999,0.572084,2.282712,0.870134
3918,Myanmar,MMR,2016,0.21291,0.510042,0.12292,3.311078,0.574688,2.290754,0.870418
3919,Myanmar,MMR,2017,0.213915,0.510456,0.125738,3.313936,0.576855,2.300982,0.870378
3943,Namibia,NAM,2013,0.175576,0.630136,0.190803,3.492192,0.768439,3.393388,1.695615
3944,Namibia,NAM,2014,0.175981,0.630645,0.193621,3.495514,0.771059,3.402632,1.690151
3945,Namibia,NAM,2015,0.17642,0.631215,0.196153,3.499314,0.773144,3.417682,1.683855
3946,Namibia,NAM,2016,0.176883,0.63183,0.198721,3.50356,0.774925,3.434254,1.676714
3947,Namibia,NAM,2017,0.177365,0.632491,0.200987,3.508308,0.775731,3.45997,1.668762
3971,Nepal,NPL,2013,0.245118,0.582111,0.120997,3.849684,0.494306,3.717788,1.50978
3972,Nepal,NPL,2014,0.245345,0.582756,0.122746,3.856963,0.495772,3.697063,1.514497
3973,Nepal,NPL,2015,0.245631,0.583442,0.124484,3.864376,0.497888,3.672807,1.518993
3974,Nepal,NPL,2016,0.24598,0.584169,0.126455,3.871915,0.500198,3.640557,1.523243
3975,Nepal,NPL,2017,0.246394,0.584927,0.128495,3.879455,0.501678,3.606939,1.527133
3999,Netherlands,NLD,2013,0.370458,0.947387,0.460263,6.546468,0.941896,4.030876,0.737441
4000,Netherlands,NLD,2014,0.368015,0.947393,0.462678,6.561376,0.951534,4.031669,0.745301
4001,Netherlands,NLD,2015,0.365154,0.947385,0.464945,6.578979,0.961438,4.028566,0.754582
4002,Netherlands,NLD,2016,0.361956,0.947366,0.465927,6.598856,0.974106,4.028952,0.76508
4003,Netherlands,NLD,2017,0.358487,0.9473,0.467844,6.620242,0.988877,4.026854,0.776602
4027,New Zealand,NZL,2013,0.341031,1.206597,0.665308,8.53867,2.036344,3.969718,1.956453
4028,New Zealand,NZL,2014,0.340994,1.206502,0.667358,8.539198,2.03759,3.967374,2.016153
4029,New Zealand,NZL,2015,0.34099,1.206423,0.669326,8.539694,2.040377,3.967735,2.075727
4030,New Zealand,NZL,2016,0.341011,1.206293,0.671415,8.539988,2.04481,3.967684,2.134993
4031,New Zealand,NZL,2017,0.341051,1.206088,0.67329,8.539931,2.049319,3.971265,2.193405
4055,Nicaragua,NIC,2013,0.198578,0.797968,0.196096,2.909067,0.576709,2.85807,2.072441
4056,Nicaragua,NIC,2014,0.198815,0.798336,0.197953,2.910105,0.580186,2.855534,2.067551
4057,Nicaragua,NIC,2015,0.199062,0.798685,0.200784,2.911002,0.586591,2.853856,2.061747
4058,Nicaragua,NIC,2016,0.199311,0.798994,0.202998,2.911707,0.592163,2.853619,2.055006
4059,Nicaragua,NIC,2017,0.199563,0.79928,0.205876,2.9123,0.599889,2.854084,2.047305
4083,Niger,NER,2013,0.162734,0.630065,0.092395,2.88168,0.451827,3.443459,0.908987
4084,Niger,NER,2014,0.162956,0.630315,0.092943,2.883194,0.454271,3.447327,0.909533
4085,Niger,NER,2015,0.163212,0.630629,0.093966,2.885208,0.457065,3.451298,0.910143
4086,Niger,NER,2016,0.163509,0.631047,0.095063,2.887914,0.460324,3.457355,0.910718
4087,Niger,NER,2017,0.163845,0.631572,0.096116,2.891358,0.462455,3.463055,0.911306
4111,Nigeria,NGA,2013,0.180575,0.642169,0.156338,2.909709,0.452775,4.17501,0.962051
4112,Nigeria,NGA,2014,0.181008,0.642759,0.158677,2.912634,0.455038,4.131388,0.963354
4113,Nigeria,NGA,2015,0.181421,0.643384,0.160807,2.914794,0.457276,4.071251,0.964297
4114,Nigeria,NGA,2016,0.181795,0.644004,0.162295,2.915862,0.459159,4.00117,0.964779
4115,Nigeria,NGA,2017,0.182126,0.644635,0.163373,2.915837,0.461802,3.917691,0.964767
4195,North Korea,PRK,2013,0.234506,0.326161,0.090254,3.248477,0.903466,3.107737,1.351404
4196,North Korea,PRK,2014,0.23483,0.326204,0.090447,3.246518,0.909321,3.102997,1.356379
4197,North Korea,PRK,2015,0.235223,0.32625,0.090517,3.244619,0.915774,3.098722,1.361366
4198,North Korea,PRK,2016,0.235679,0.326294,0.090724,3.242756,0.922426,3.095069,1.36622
4199,North Korea,PRK,2017,0.236198,0.326334,0.09091,3.240918,0.929488,3.090846,1.370886
4251,Northern Mariana Islands,MNP,2013,0.259962,0.487818,0.203907,3.302789,0.786407,3.106589,1.458837
4252,Northern Mariana Islands,MNP,2014,0.259428,0.487675,0.20263,3.307722,0.786177,3.105689,1.452939
4253,Northern Mariana Islands,MNP,2015,0.258891,0.487537,0.201718,3.311707,0.786136,3.103981,1.447913
4254,Northern Mariana Islands,MNP,2016,0.258481,0.487304,0.19845,3.308127,0.787101,3.10145,1.45456
4255,Northern Mariana Islands,MNP,2017,0.258128,0.487045,0.195841,3.300622,0.791444,3.097055,1.466786
4279,Norway,NOR,2013,0.211351,0.856489,0.571261,7.6066,0.872003,3.619685,1.429126
4280,Norway,NOR,2014,0.211372,0.856498,0.571433,7.60143,0.86048,3.646711,1.427152
4281,Norway,NOR,2015,0.211403,0.856582,0.571305,7.596146,0.849551,3.681866,1.424897
4282,Norway,NOR,2016,0.211442,0.85673,0.57103,7.590933,0.840068,3.723569,1.422242
4283,Norway,NOR,2017,0.211484,0.856901,0.570363,7.585503,0.832286,3.77191,1.419003
4335,Oman,OMN,2013,0.202944,0.786477,0.25438,4.51664,1.687397,3.389007,0.694211
4336,Oman,OMN,2014,0.202879,0.787228,0.255661,4.531789,1.693958,3.402352,0.692664
4337,Oman,OMN,2015,0.202797,0.7876,0.25674,4.535895,1.70443,3.412646,0.691946
4338,Oman,OMN,2016,0.202697,0.787314,0.254501,4.519805,1.727339,3.418318,0.692908
4339,Oman,OMN,2017,0.202474,0.787468,0.254958,4.519612,1.734114,3.433951,0.691763
4363,Pakistan,PAK,2013,0.256541,0.573574,0.149772,3.816046,0.678546,3.303639,1.515052
4364,Pakistan,PAK,2014,0.256567,0.573811,0.151117,3.818724,0.673966,3.305568,1.520378
4365,Pakistan,PAK,2015,0.256563,0.573979,0.152313,3.820925,0.669101,3.309776,1.525196
4366,Pakistan,PAK,2016,0.256521,0.574056,0.153427,3.822465,0.662558,3.316397,1.529349
4367,Pakistan,PAK,2017,0.256442,0.574046,0.154583,3.823379,0.656776,3.33128,1.532773
4391,Palestine,PSE,2013,0.187306,0.823188,0.137084,4.974111,1.514258,4.80576,0.647948
4392,Palestine,PSE,2014,0.18751,0.823625,0.138421,4.976351,1.51647,4.775471,0.648491
4393,Palestine,PSE,2015,0.187741,0.824073,0.139787,4.979021,1.518831,4.741592,0.648873
4394,Palestine,PSE,2016,0.187999,0.824526,0.141648,4.982112,1.521228,4.70588,0.649049
4395,Palestine,PSE,2017,0.188285,0.824968,0.143883,4.985536,1.522458,4.665074,0.64897
4419,Panama,PAN,2013,0.210583,0.809161,0.293204,2.88077,0.715977,2.657663,1.408374
4420,Panama,PAN,2014,0.211175,0.809829,0.29843,2.883288,0.718717,2.660793,1.409774
4421,Panama,PAN,2015,0.211826,0.810563,0.304011,2.886011,0.721562,2.666329,1.410564
4422,Panama,PAN,2016,0.212521,0.811328,0.310169,2.888805,0.724655,2.669997,1.410531
4423,Panama,PAN,2017,0.213259,0.812158,0.31665,2.891779,0.727573,2.679025,1.409489
4447,Papua New Guinea,PNG,2013,0.207141,0.410692,0.099831,3.187253,0.727857,3.189689,1.207898
4448,Papua New Guinea,PNG,2014,0.20767,0.410793,0.101039,3.188413,0.729952,3.184657,1.209273
4449,Papua New Guinea,PNG,2015,0.208256,0.410903,0.102154,3.189703,0.732033,3.181005,1.210566
4450,Papua New Guinea,PNG,2016,0.208884,0.411009,0.10351,3.191125,0.735097,3.176196,1.211666
4451,Papua New Guinea,PNG,2017,0.209555,0.411127,0.10496,3.192717,0.738106,3.168661,1.212566
4475,Paraguay,PRY,2013,0.200591,1.07398,0.227796,6.006738,0.533491,2.941107,2.335267
4476,Paraguay,PRY,2014,0.201005,1.074511,0.230337,6.009525,0.53252,2.946082,2.347036
4477,Paraguay,PRY,2015,0.201451,1.074953,0.232781,6.011838,0.531954,2.950421,2.359245
4478,Paraguay,PRY,2016,0.201928,1.075336,0.235552,6.013757,0.530195,2.955169,2.371826
4479,Paraguay,PRY,2017,0.202426,1.075629,0.238288,6.015214,0.527618,2.95884,2.384385
4503,Peru,PER,2013,0.201927,0.89013,0.363074,4.259953,0.588466,2.26368,1.448234
4504,Peru,PER,2014,0.202271,0.890349,0.36575,4.260583,0.58665,2.264655,1.442572
4505,Peru,PER,2015,0.202619,0.890522,0.367048,4.260744,0.585101,2.267037,1.437582
4506,Peru,PER,2016,0.202959,0.890629,0.368377,4.26044,0.582292,2.269521,1.433314
4507,Peru,PER,2017,0.203293,0.890709,0.369216,4.259925,0.578556,2.276321,1.429939
4531,Philippines,PHL,2013,0.220632,0.53293,0.126439,3.255141,0.635704,2.737509,0.890799
4532,Philippines,PHL,2014,0.221422,0.533402,0.128226,3.257721,0.638873,2.743462,0.891439
4533,Philippines,PHL,2015,0.222323,0.533985,0.130319,3.260932,0.641977,2.749335,0.892222
4534,Philippines,PHL,2016,0.223321,0.534673,0.132335,3.26487,0.64547,2.756013,0.893111
4535,Philippines,PHL,2017,0.224422,0.535513,0.134855,3.26972,0.648898,2.765176,0.894195
4559,Poland,POL,2013,0.205858,0.710433,0.218686,3.462549,0.804833,2.2738,2.02574
4560,Poland,POL,2014,0.206321,0.710861,0.221683,3.462358,0.801562,2.268372,2.030482
4561,Poland,POL,2015,0.206806,0.711308,0.224348,3.461991,0.797481,2.263833,2.035273
4562,Poland,POL,2016,0.207302,0.711771,0.226805,3.461527,0.793756,2.257029,2.039924
4563,Poland,POL,2017,0.20781,0.712264,0.229485,3.461075,0.790932,2.250472,2.044346
4587,Portugal,PRT,2013,0.248794,0.924423,0.506904,5.375392,0.67753,4.675021,1.287392
4588,Portugal,PRT,2014,0.248883,0.924747,0.508989,5.377254,0.683347,4.622827,1.282311
4589,Portugal,PRT,2015,0.249004,0.925073,0.510327,5.37913,0.690379,4.561403,1.276458
4590,Portugal,PRT,2016,0.24916,0.925408,0.512185,5.380981,0.699273,4.494714,1.269966
4591,Portugal,PRT,2017,0.249372,0.925815,0.513079,5.383261,0.709413,4.421461,1.262905
4615,Puerto Rico,PRI,2013,0.212419,0.941913,0.413728,4.683593,1.006709,2.724364,1.718295
4616,Puerto Rico,PRI,2014,0.212389,0.941959,0.413598,4.683233,0.978507,2.724716,1.708299
4617,Puerto Rico,PRI,2015,0.212372,0.942083,0.413388,4.683272,0.953737,2.724765,1.699258
4618,Puerto Rico,PRI,2016,0.212354,0.942212,0.413068,4.683273,0.929357,2.724418,1.691221
4619,Puerto Rico,PRI,2017,0.212347,0.942408,0.412628,4.683654,0.906125,2.726108,1.684373
4643,Qatar,QAT,2013,0.215392,0.820531,0.315988,4.337588,1.963383,3.484366,0.73456
4644,Qatar,QAT,2014,0.215387,0.820266,0.316684,4.334799,1.985606,3.478949,0.734647
4645,Qatar,QAT,2015,0.215344,0.820022,0.316654,4.334049,2.001989,3.478406,0.734206
4646,Qatar,QAT,2016,0.21526,0.819934,0.317081,4.334822,2.016525,3.48023,0.733125
4647,Qatar,QAT,2017,0.21514,0.8199,0.318165,4.336059,2.024984,3.482327,0.731734
4671,Romania,ROU,2013,0.19951,0.750614,0.191909,3.233888,0.451057,2.335909,1.708826
4672,Romania,ROU,2014,0.199936,0.750922,0.194278,3.232604,0.453091,2.340368,1.703686
4673,Romania,ROU,2015,0.200363,0.751224,0.196733,3.230996,0.454763,2.343899,1.698824
4674,Romania,ROU,2016,0.200786,0.751527,0.198926,3.229223,0.455681,2.350485,1.6943
4675,Romania,ROU,2017,0.201195,0.751815,0.2007,3.227186,0.458056,2.359174,1.690183
4699,Russia,RUS,2013,0.197215,0.674716,0.224186,2.949578,1.00397,3.687463,5.226821
4700,Russia,RUS,2014,0.197612,0.67505,0.2265,2.948965,0.984458,3.688919,5.135758
4701,Russia,RUS,2015,0.197955,0.675406,0.228643,2.948065,0.96125,3.692351,5.023229
4702,Russia,RUS,2016,0.198225,0.675754,0.230686,2.946767,0.934693,3.698973,4.887594
4703,Russia,RUS,2017,0.1984,0.676063,0.232375,2.945051,0.905038,3.707925,4.727182
4727,Rwanda,RWA,2013,0.161689,0.623329,0.108072,3.678245,0.596626,3.842979,2.348511
4728,Rwanda,RWA,2014,0.162187,0.623905,0.110042,3.683434,0.592906,3.846173,2.348627
4729,Rwanda,RWA,2015,0.162693,0.624513,0.11216,3.689279,0.5883,3.854341,2.347621
4730,Rwanda,RWA,2016,0.163197,0.625119,0.114004,3.695472,0.58074,3.860959,2.345581
4731,Rwanda,RWA,2017,0.163688,0.62571,0.115817,3.702435,0.570294,3.86945,2.342694
4755,Saint Lucia,LCA,2013,0.199836,0.904671,0.282036,4.596464,0.908112,2.833655,1.895361
4756,Saint Lucia,LCA,2014,0.199898,0.904762,0.283267,4.595756,0.904311,2.835485,1.898776
4757,Saint Lucia,LCA,2015,0.199943,0.904822,0.284521,4.594877,0.899422,2.836606,1.90237
4758,Saint Lucia,LCA,2016,0.199954,0.904815,0.285017,4.593912,0.8948,2.837408,1.905798
4759,Saint Lucia,LCA,2017,0.199945,0.904806,0.286341,4.593078,0.889612,2.839268,1.909311
4783,Saint Vincent and the Grenadines,VCT,2013,0.196045,0.879533,0.270489,4.519571,0.794768,2.853377,2.188605
4784,Saint Vincent and the Grenadines,VCT,2014,0.19612,0.879764,0.271696,4.520447,0.794219,2.854913,2.199278
4785,Saint Vincent and the Grenadines,VCT,2015,0.196171,0.879974,0.272231,4.521452,0.793928,2.856424,2.211495
4786,Saint Vincent and the Grenadines,VCT,2016,0.196203,0.880209,0.273784,4.522762,0.794054,2.857505,2.225185
4787,Saint Vincent and the Grenadines,VCT,2017,0.196204,0.88044,0.274837,4.524137,0.793924,2.859089,2.240254
4811,Samoa,WSM,2013,0.235005,0.460481,0.12508,3.255986,0.859868,3.056951,1.11011
4812,Samoa,WSM,2014,0.23503,0.460475,0.125588,3.256029,0.857779,3.05188,1.110667
4813,Samoa,WSM,2015,0.235022,0.460459,0.125778,3.256122,0.853908,3.047204,1.110764
4814,Samoa,WSM,2016,0.234975,0.460425,0.125866,3.25613,0.849997,3.042929,1.11035
4815,Samoa,WSM,2017,0.234876,0.460366,0.126132,3.255973,0.844905,3.038938,1.109339
4839,Sao Tome and Principe,STP,2013,0.177431,0.662591,0.128828,2.917283,0.477703,3.105766,1.009418
4840,Sao Tome and Principe,STP,2014,0.177684,0.662814,0.129935,2.918095,0.481852,3.110403,1.011544
4841,Sao Tome and Principe,STP,2015,0.177949,0.663023,0.13171,2.919073,0.486926,3.116748,1.013602
4842,Sao Tome and Principe,STP,2016,0.178214,0.663191,0.133377,2.920165,0.491577,3.125501,1.015514
4843,Sao Tome and Principe,STP,2017,0.178482,0.663349,0.13484,2.921524,0.497441,3.136314,1.01729
4867,Saudi Arabia,SAU,2013,0.204741,0.81633,0.279182,4.748317,1.643938,3.491552,0.677978
4868,Saudi Arabia,SAU,2014,0.205005,0.816712,0.281789,4.749869,1.664926,3.50161,0.6789
4869,Saudi Arabia,SAU,2015,0.205256,0.817027,0.284659,4.751235,1.682436,3.510181,0.679555
4870,Saudi Arabia,SAU,2016,0.205494,0.817278,0.28672,4.752859,1.697876,3.522628,0.679916
4871,Saudi Arabia,SAU,2017,0.205707,0.817433,0.289615,4.754236,1.710318,3.536847,0.679911
4923,Senegal,SEN,2013,0.17241,0.646762,0.122222,2.891473,0.467184,3.298502,0.920054
4924,Senegal,SEN,2014,0.172664,0.647043,0.123063,2.892787,0.46998,3.314314,0.920534
4925,Senegal,SEN,2015,0.172951,0.647369,0.123728,2.894516,0.47235,3.329605,0.920909
4926,Senegal,SEN,2016,0.173269,0.647737,0.124287,2.89667,0.474385,3.34987,0.9211
4927,Senegal,SEN,2017,0.173616,0.648156,0.12529,2.899331,0.478695,3.370497,0.921069
4951,Serbia,SRB,2013,0.198925,0.697301,0.18211,3.406865,0.452227,2.586581,2.030232
4952,Serbia,SRB,2014,0.199253,0.697745,0.183528,3.40659,0.450108,2.581376,2.029887
4953,Serbia,SRB,2015,0.199589,0.698199,0.185056,3.406153,0.447539,2.577638,2.027863
4954,Serbia,SRB,2016,0.199932,0.698684,0.186224,3.405636,0.444604,2.574493,2.02404
4955,Serbia,SRB,2017,0.200264,0.699141,0.187147,3.404672,0.441905,2.570068,2.018133
4979,Seychelles,SYC,2013,0.244724,0.565939,0.187811,3.308234,0.782814,2.889817,0.860742
4980,Seychelles,SYC,2014,0.24537,0.565909,0.189702,3.306118,0.78376,2.886782,0.859959
4981,Seychelles,SYC,2015,0.24609,0.565917,0.192355,3.304572,0.785783,2.885492,0.858818
4982,Seychelles,SYC,2016,0.246864,0.565934,0.194795,3.303375,0.787831,2.885115,0.857306
4983,Seychelles,SYC,2017,0.247689,0.565984,0.197452,3.30267,0.790406,2.886514,0.855465
5007,Sierra Leone,SLE,2013,0.164131,0.623461,0.104646,2.876716,0.482226,3.585279,0.933979
5008,Sierra Leone,SLE,2014,0.164417,0.623699,0.105673,2.877008,0.485009,3.583568,0.934882
5009,Sierra Leone,SLE,2015,0.164737,0.623994,0.106721,2.877733,0.488935,3.582731,0.935655
5010,Sierra Leone,SLE,2016,0.165087,0.624353,0.108252,2.878982,0.491967,3.581284,0.936256
5011,Sierra Leone,SLE,2017,0.165455,0.624756,0.109799,2.880725,0.496263,3.581501,0.936624
5035,Singapore,SGP,2013,0.273013,0.731693,0.528682,3.725906,0.90987,3.419186,0.47667
5036,Singapore,SGP,2014,0.273208,0.731506,0.535816,3.72849,0.910808,3.421481,0.479608
5037,Singapore,SGP,2015,0.273445,0.731293,0.542395,3.729619,0.912167,3.42572,0.483159
5038,Singapore,SGP,2016,0.273738,0.73101,0.547688,3.730091,0.913157,3.42996,0.487148
5039,Singapore,SGP,2017,0.27409,0.730592,0.553712,3.730467,0.914669,3.438271,0.491369
5063,Slovakia,SVK,2013,0.207415,0.711271,0.227514,3.450103,0.693418,2.41266,2.44552
5064,Slovakia,SVK,2014,0.207701,0.711564,0.229772,3.449012,0.68989,2.408812,2.458422
5065,Slovakia,SVK,2015,0.207971,0.711868,0.232232,3.447717,0.686567,2.406614,2.47214
5066,Slovakia,SVK,2016,0.208214,0.712163,0.233693,3.446144,0.682712,2.403851,2.486322
5067,Slovakia,SVK,2017,0.208419,0.712434,0.235475,3.444251,0.67835,2.401999,2.500482
5091,Slovenia,SVN,2013,0.211688,0.724665,0.237059,3.455844,0.911443,2.906482,2.224285
5092,Slovenia,SVN,2014,0.21176,0.724832,0.237867,3.454426,0.910641,2.891008,2.228742
5093,Slovenia,SVN,2015,0.211816,0.725026,0.238706,3.45308,0.909888,2.879148,2.233922
5094,Slovenia,SVN,2016,0.211838,0.725195,0.239438,3.451553,0.907816,2.86876,2.239801
5095,Slovenia,SVN,2017,0.211824,0.725343,0.239636,3.449773,0.906052,2.863278,2.246827
5119,Solomon Islands,SLB,2013,0.20921,0.427173,0.090599,3.206483,0.688474,3.174048,1.137064
5120,Solomon Islands,SLB,2014,0.209484,0.427293,0.09145,3.208549,0.692297,3.169804,1.13711
5121,Solomon Islands,SLB,2015,0.209786,0.427419,0.092245,3.210614,0.695597,3.16522,1.136766
5122,Solomon Islands,SLB,2016,0.210117,0.427564,0.093325,3.212748,0.699009,3.159692,1.136003
5123,Solomon Islands,SLB,2017,0.210462,0.427707,0.094189,3.214828,0.703739,3.153068,1.134592
5147,Somalia,SOM,2013,0.153719,0.619136,0.078566,3.543948,0.491197,3.771767,1.54597
5148,Somalia,SOM,2014,0.153782,0.61947,0.07869,3.549125,0.493166,3.774406,1.545035
5149,Somalia,SOM,2015,0.153839,0.619808,0.078854,3.555038,0.494599,3.777474,1.54366
5150,Somalia,SOM,2016,0.153885,0.620139,0.079322,3.561614,0.496591,3.781353,1.541579
5151,Somalia,SOM,2017,0.153912,0.620442,0.079896,3.568698,0.497894,3.784748,1.538571
5175,South Africa,ZAF,2013,0.181346,0.635993,0.212749,3.990827,0.997568,3.703193,1.637364
5176,South Africa,ZAF,2014,0.181524,0.636221,0.21367,3.990247,0.980084,3.70879,1.621201
5177,South Africa,ZAF,2015,0.181686,0.636405,0.214094,3.990262,0.961406,3.717595,1.601342
5178,South Africa,ZAF,2016,0.181825,0.636533,0.21441,3.991029,0.941842,3.729763,1.577801
5179,South Africa,ZAF,2017,0.181937,0.636613,0.214718,3.99283,0.921499,3.745871,1.550514
5231,South Korea,KOR,2013,0.262861,0.570224,0.404395,3.806353,0.899803,3.062516,2.030832
5232,South Korea,KOR,2014,0.263085,0.570069,0.407531,3.802215,0.903458,3.088799,2.026019
5233,South Korea,KOR,2015,0.263347,0.56988,0.411541,3.796132,0.907754,3.112223,2.022414
5234,South Korea,KOR,2016,0.263645,0.569671,0.414479,3.788117,0.911473,3.13916,2.020232
5235,South Korea,KOR,2017,0.263994,0.569459,0.417103,3.778005,0.914319,3.165684,2.02005
5259,South Sudan,SSD,2013,0.168733,0.624682,0.134567,3.519236,0.497107,3.677919,1.554381
5260,South Sudan,SSD,2014,0.16877,0.624961,0.134843,3.52695,0.498679,3.68109,1.553358
5261,South Sudan,SSD,2015,0.168795,0.62526,0.135115,3.535399,0.499741,3.686892,1.551948
5262,South Sudan,SSD,2016,0.168809,0.625576,0.134691,3.544292,0.50111,3.692748,1.5501
5263,South Sudan,SSD,2017,0.168801,0.625867,0.134608,3.553077,0.502398,3.699147,1.548225
5399,Spain,ESP,2013,0.280297,0.976705,0.729313,5.275748,1.42612,3.480882,0.900545
5400,Spain,ESP,2014,0.280512,0.976732,0.732196,5.277069,1.43511,3.49155,0.898279
5401,Spain,ESP,2015,0.280801,0.976793,0.733379,5.278341,1.446569,3.506859,0.895117
5402,Spain,ESP,2016,0.281139,0.976831,0.733354,5.279232,1.456723,3.522661,0.890794
5403,Spain,ESP,2017,0.281539,0.976917,0.730626,5.280279,1.468868,3.538359,0.885003
5427,Sri Lanka,LKA,2013,0.234254,0.56771,0.146334,3.363413,0.664112,3.45255,0.986185
5428,Sri Lanka,LKA,2014,0.235121,0.568039,0.14954,3.365168,0.663702,3.449242,0.976719
5429,Sri Lanka,LKA,2015,0.236051,0.568386,0.152628,3.366906,0.664022,3.446117,0.967582
5430,Sri Lanka,LKA,2016,0.237027,0.568732,0.155748,3.368449,0.664479,3.444301,0.958813
5431,Sri Lanka,LKA,2017,0.238045,0.569095,0.159144,3.369917,0.665203,3.44333,0.950453
5483,Sudan,SDN,2013,0.174694,0.745315,0.139432,4.882673,1.368354,3.785417,0.646243
5484,Sudan,SDN,2014,0.175049,0.745866,0.141422,4.886903,1.381439,3.783243,0.646408
5485,Sudan,SDN,2015,0.175417,0.746423,0.143413,4.890963,1.392091,3.782896,0.646411
5486,Sudan,SDN,2016,0.17579,0.746978,0.144902,4.894983,1.402217,3.7815,0.64622
5487,Sudan,SDN,2017,0.176167,0.747536,0.147025,4.899048,1.408446,3.781451,0.645813
5511,Suriname,SUR,2013,0.186042,0.866956,0.297263,4.548572,0.68571,4.024939,1.769609
5512,Suriname,SUR,2014,0.18628,0.8676,0.300467,4.553196,0.689086,4.014569,1.768336
5513,Suriname,SUR,2015,0.186524,0.868296,0.303178,4.558144,0.691755,4.00594,1.766553
5514,Suriname,SUR,2016,0.186762,0.868995,0.305583,4.563082,0.69657,3.991231,1.76417
5515,Suriname,SUR,2017,0.186999,0.869735,0.307738,4.56807,0.701883,3.973583,1.76127
5539,Swaziland,SWZ,2013,0.171533,0.60707,0.1858,3.476816,0.797439,4.029336,1.733141
5540,Swaziland,SWZ,2014,0.171827,0.607392,0.187107,3.478191,0.795512,4.038758,1.727892
5541,Swaziland,SWZ,2015,0.172153,0.607751,0.187961,3.479957,0.792187,4.047374,1.721156
5542,Swaziland,SWZ,2016,0.172507,0.608139,0.189076,3.482078,0.788665,4.058231,1.713141
5543,Swaziland,SWZ,2017,0.172883,0.608545,0.189604,3.484456,0.781635,4.067654,1.704301
5567,Sweden,SWE,2013,0.276273,1.058865,0.555076,5.301412,0.647249,4.533727,1.808595
5568,Sweden,SWE,2014,0.275014,1.058557,0.559841,5.299064,0.663567,4.524133,1.770598
5569,Sweden,SWE,2015,0.2736,1.058289,0.564692,5.297058,0.683427,4.513444,1.721177
5570,Sweden,SWE,2016,0.272043,1.058056,0.569377,5.295184,0.706037,4.50042,1.659861
5571,Sweden,SWE,2017,0.270392,1.05793,0.574608,5.293837,0.729285,4.487911,1.586588
5595,Switzerland,CHE,2013,0.261477,0.952091,0.570145,5.35321,1.011389,3.743814,1.38039
5596,Switzerland,CHE,2014,0.261684,0.952453,0.571511,5.354199,1.008266,3.731711,1.3792
5597,Switzerland,CHE,2015,0.26192,0.952894,0.572819,5.355516,1.00538,3.721917,1.378581
5598,Switzerland,CHE,2016,0.262198,0.953442,0.573503,5.357419,1.00519,3.714226,1.378729
5599,Switzerland,CHE,2017,0.262487,0.953996,0.573969,5.359393,1.006218,3.70806,1.37969
5623,Syria,SYR,2013,0.189773,0.808598,0.162463,4.948972,1.479419,3.526188,0.622457
5624,Syria,SYR,2014,0.189668,0.808939,0.162264,4.955747,1.488175,3.535209,0.622553
5625,Syria,SYR,2015,0.189505,0.80928,0.162179,4.963043,1.49708,3.547811,0.622425
5626,Syria,SYR,2016,0.189272,0.809554,0.160999,4.969284,1.505032,3.563533,0.622098
5627,Syria,SYR,2017,0.188966,0.809811,0.159349,4.974985,1.510989,3.582073,0.621551
5651,Taiwan,TWN,2013,0.259646,0.352481,0.233199,3.445993,0.894505,3.030585,2.012763
5652,Taiwan,TWN,2014,0.26046,0.352433,0.234678,3.445829,0.902378,3.028666,2.029987
5653,Taiwan,TWN,2015,0.26129,0.352366,0.236865,3.445642,0.911341,3.024469,2.047974
5654,Taiwan,TWN,2016,0.262127,0.352288,0.238783,3.445336,0.920537,3.021449,2.066616
5655,Taiwan,TWN,2017,0.262939,0.352169,0.240476,3.444566,0.929592,3.016543,2.085573
5679,Tajikistan,TJK,2013,0.180696,0.664838,0.113009,2.517426,0.461736,2.542578,2.246006
5680,Tajikistan,TJK,2014,0.181038,0.665199,0.114296,2.519074,0.464155,2.54551,2.233952
5681,Tajikistan,TJK,2015,0.181397,0.665572,0.115779,2.520781,0.465956,2.54976,2.218595
5682,Tajikistan,TJK,2016,0.181756,0.665915,0.116935,2.522415,0.468703,2.555986,2.199223
5683,Tajikistan,TJK,2017,0.182117,0.666266,0.118226,2.524336,0.470767,2.563961,2.175247
5707,Tanzania,TZA,2013,0.163695,0.624255,0.122408,3.603347,0.510469,3.658587,1.542611
5708,Tanzania,TZA,2014,0.164075,0.624713,0.124353,3.610638,0.512431,3.664645,1.544713
5709,Tanzania,TZA,2015,0.164463,0.625171,0.125833,3.618708,0.514163,3.670488,1.546778
5710,Tanzania,TZA,2016,0.164846,0.625609,0.128102,3.627203,0.515843,3.678271,1.548703
5711,Tanzania,TZA,2017,0.165215,0.626014,0.129857,3.636165,0.518625,3.685748,1.550497
5735,Thailand,THA,2013,0.232316,0.541419,0.166388,3.320248,0.795457,3.092496,0.877508
5736,Thailand,THA,2014,0.23292,0.54175,0.168323,3.322081,0.802973,3.089677,0.884054
5737,Thailand,THA,2015,0.233556,0.542135,0.169914,3.324273,0.81183,3.085864,0.892095
5738,Thailand,THA,2016,0.23421,0.54256,0.1719,3.326769,0.826159,3.085204,0.901656
5739,Thailand,THA,2017,0.234879,0.543035,0.173202,3.329594,0.846268,3.085057,0.912775
5763,Timor,TLS,2013,0.203106,0.502181,0.109507,3.223739,0.626121,3.141171,0.819777
5764,Timor,TLS,2014,0.203493,0.502373,0.1096,3.226384,0.627091,3.139859,0.82133
5765,Timor,TLS,2015,0.20382,0.502556,0.110612,3.228908,0.62952,3.139772,0.822557
5766,Timor,TLS,2016,0.204071,0.502713,0.110643,3.230988,0.630828,3.138351,0.823439
5767,Timor,TLS,2017,0.204231,0.502839,0.110934,3.232661,0.632557,3.139087,0.823885
5791,Togo,TGO,2013,0.163798,0.628604,0.104169,2.902978,0.470096,3.655243,0.968012
5792,Togo,TGO,2014,0.163953,0.628787,0.104926,2.904392,0.474005,3.656653,0.967534
5793,Togo,TGO,2015,0.164137,0.629,0.105883,2.90618,0.478484,3.655251,0.966935
5794,Togo,TGO,2016,0.164342,0.629215,0.107146,2.908321,0.483072,3.655581,0.966218
5795,Togo,TGO,2017,0.164575,0.629457,0.108107,2.910945,0.488984,3.656725,0.9653
5819,Tonga,TON,2013,0.235406,0.462297,0.123485,3.291173,0.755917,2.916803,1.131653
5820,Tonga,TON,2014,0.235521,0.462387,0.123964,3.292675,0.757612,2.917031,1.133653
5821,Tonga,TON,2015,0.235639,0.462478,0.124463,3.294251,0.759888,2.91798,1.135172
5822,Tonga,TON,2016,0.235762,0.462574,0.125487,3.295908,0.761871,2.918119,1.136137
5823,Tonga,TON,2017,0.235881,0.462664,0.125706,3.297507,0.762905,2.91897,1.136432
5847,Trinidad and Tobago,TTO,2013,0.177008,0.897989,0.384127,4.628162,0.724924,3.343334,1.736268
5848,Trinidad and Tobago,TTO,2014,0.177185,0.898117,0.386249,4.628612,0.726932,3.341932,1.734628
5849,Trinidad and Tobago,TTO,2015,0.177349,0.89823,0.38821,4.629014,0.7282,3.337388,1.731302
5850,Trinidad and Tobago,TTO,2016,0.177492,0.89832,0.389161,4.629343,0.730056,3.33339,1.725929
5851,Trinidad and Tobago,TTO,2017,0.1776,0.898339,0.389696,4.629351,0.731199,3.329938,1.718141
5903,Tunisia,TUN,2013,0.197619,0.837717,0.195881,5.061831,1.665845,3.908848,0.653002
5904,Tunisia,TUN,2014,0.197751,0.838028,0.197054,5.064683,1.678639,3.908433,0.653095
5905,Tunisia,TUN,2015,0.197875,0.83831,0.198399,5.067419,1.689315,3.910004,0.652983
5906,Tunisia,TUN,2016,0.197995,0.838567,0.199433,5.070049,1.696946,3.911391,0.652629
5907,Tunisia,TUN,2017,0.198099,0.838771,0.200172,5.072361,1.70385,3.915189,0.65195
5931,Turkey,TUR,2013,0.219927,0.84798,0.289922,3.907397,1.503782,3.742349,0.775118
5932,Turkey,TUR,2014,0.220248,0.848343,0.294395,3.909085,1.514934,3.7342,0.776235
5933,Turkey,TUR,2015,0.220578,0.848601,0.298953,3.910515,1.523937,3.725807,0.77714
5934,Turkey,TUR,2016,0.220914,0.848745,0.304162,3.911946,1.531682,3.721385,0.777758
5935,Turkey,TUR,2017,0.221252,0.84877,0.308941,3.9134,1.535723,3.718658,0.778079
5959,Turkmenistan,TKM,2013,0.193282,0.665925,0.183104,2.557951,0.514996,2.820571,2.799165
5960,Turkmenistan,TKM,2014,0.194234,0.666524,0.187401,2.559545,0.516583,2.819414,2.741358
5961,Turkmenistan,TKM,2015,0.195236,0.667174,0.1918,2.561598,0.517933,2.818218,2.667951
5962,Turkmenistan,TKM,2016,0.196275,0.667866,0.196563,2.56428,0.517589,2.820538,2.579723
5963,Turkmenistan,TKM,2017,0.19734,0.668585,0.201477,2.567311,0.517776,2.823086,2.47785
5987,Uganda,UGA,2013,0.158968,0.6082,0.114439,3.496055,0.536157,5.071931,1.28916
5988,Uganda,UGA,2014,0.159291,0.608725,0.115764,3.502962,0.536938,5.035458,1.290691
5989,Uganda,UGA,2015,0.159609,0.609275,0.117042,3.510482,0.539442,4.996004,1.292387
5990,Uganda,UGA,2016,0.159918,0.609847,0.118044,3.518378,0.541182,4.957013,1.294163
5991,Uganda,UGA,2017,0.160208,0.61042,0.119309,3.526626,0.542832,4.918028,1.295986
6015,Ukraine,UKR,2013,0.190671,0.687053,0.169933,2.94123,0.682512,4.115222,4.923653
6016,Ukraine,UKR,2014,0.190807,0.687164,0.171129,2.94135,0.689525,4.100437,4.880967
6017,Ukraine,UKR,2015,0.190897,0.687257,0.171895,2.941461,0.696882,4.090187,4.826954
6018,Ukraine,UKR,2016,0.190957,0.687417,0.172673,2.941808,0.704197,4.080101,4.762349
6019,Ukraine,UKR,2017,0.190966,0.687572,0.172715,2.94177,0.711814,4.071915,4.686883
6043,United Arab Emirates,ARE,2013,0.212624,0.803055,0.259351,4.212596,3.035245,2.852341,0.765388
6044,United Arab Emirates,ARE,2014,0.212287,0.803767,0.259353,4.222585,3.014051,2.854572,0.763282
6045,United Arab Emirates,ARE,2015,0.211855,0.804646,0.259418,4.235686,2.985105,2.859825,0.760746
6046,United Arab Emirates,ARE,2016,0.211336,0.805597,0.260497,4.250193,2.951503,2.868621,0.758189
6047,United Arab Emirates,ARE,2017,0.210718,0.806413,0.262207,4.263912,2.915549,2.877426,0.755908
6071,United Kingdom,GBR,2013,0.254993,1.085365,0.542215,4.662206,1.726078,4.125825,1.918905
6072,United Kingdom,GBR,2014,0.256523,1.085616,0.542871,4.659356,1.713007,4.125316,1.918018
6073,United Kingdom,GBR,2015,0.25837,1.08595,0.543274,4.656279,1.698364,4.124435,1.914363
6074,United Kingdom,GBR,2016,0.260519,1.08636,0.543352,4.653107,1.682097,4.122485,1.907524
6075,United Kingdom,GBR,2017,0.262952,1.086838,0.543054,4.649861,1.664,4.119524,1.897052
6099,United States,USA,2013,0.336404,0.652479,0.528946,6.671047,3.110712,4.772422,2.005814
6100,United States,USA,2014,0.33586,0.652195,0.52599,6.660473,3.181115,4.782222,2.011345
6101,United States,USA,2015,0.335243,0.65189,0.522109,6.650662,3.262674,4.795954,2.018738
6102,United States,USA,2016,0.334578,0.651569,0.517728,6.642099,3.353142,4.813114,2.028263
6103,United States,USA,2017,0.33389,0.651236,0.512844,6.635055,3.452476,4.83561,2.040087
6127,United States Virgin Islands,VIR,2013,0.219063,0.935877,0.498897,4.724434,0.808666,2.925149,2.219666
6128,United States Virgin Islands,VIR,2014,0.218691,0.935645,0.495701,4.722962,0.809368,2.925524,2.222418
6129,United States Virgin Islands,VIR,2015,0.218187,0.93537,0.489832,4.721352,0.809822,2.926239,2.22539
6130,United States Virgin Islands,VIR,2016,0.21755,0.935085,0.482149,4.719693,0.812283,2.925232,2.228715
6131,United States Virgin Islands,VIR,2017,0.216789,0.934872,0.473119,4.718338,0.814065,2.925182,2.232576
6155,Uruguay,URY,2013,0.197753,0.779671,0.379651,6.300966,0.946046,3.555894,1.167108
6156,Uruguay,URY,2014,0.198024,0.780175,0.385984,6.305186,0.942263,3.57016,1.175064
6157,Uruguay,URY,2015,0.198323,0.780699,0.392488,6.30936,0.935037,3.585183,1.182338
6158,Uruguay,URY,2016,0.198641,0.78126,0.398546,6.313555,0.927602,3.600303,1.188669
6159,Uruguay,URY,2017,0.198965,0.781817,0.405502,6.317738,0.918533,3.617574,1.193835
6183,Uzbekistan,UZB,2013,0.186123,0.667698,0.143985,2.552296,0.473641,2.882817,1.951835
6184,Uzbekistan,UZB,2014,0.186657,0.668057,0.146272,2.554029,0.475113,2.884324,1.933014
6185,Uzbekistan,UZB,2015,0.187231,0.668437,0.148898,2.55619,0.477995,2.884098,1.915468
6186,Uzbekistan,UZB,2016,0.187838,0.668819,0.151327,2.558292,0.478654,2.88586,1.900334
6187,Uzbekistan,UZB,2017,0.188464,0.669193,0.153735,2.560435,0.48122,2.886924,1.888153
6211,Vanuatu,VUT,2013,0.214961,0.426989,0.104925,3.215603,0.679985,3.145321,1.209467
6212,Vanuatu,VUT,2014,0.21498,0.427115,0.105502,3.21645,0.683547,3.14096,1.21118
6213,Vanuatu,VUT,2015,0.214951,0.427226,0.105741,3.217235,0.687397,3.135285,1.212548
6214,Vanuatu,VUT,2016,0.214872,0.42733,0.10613,3.2181,0.693318,3.130135,1.213489
6215,Vanuatu,VUT,2017,0.214734,0.427419,0.106462,3.218816,0.698906,3.122695,1.213941
6239,Venezuela,VEN,2013,0.205421,0.778534,0.281978,2.863431,0.621057,2.807489,1.37072
6240,Venezuela,VEN,2014,0.205533,0.778961,0.28196,2.8646,0.62721,2.810428,1.371305
6241,Venezuela,VEN,2015,0.205603,0.779347,0.282251,2.865676,0.633015,2.811889,1.3715
6242,Venezuela,VEN,2016,0.205604,0.77962,0.282376,2.866391,0.638995,2.813069,1.371151
6243,Venezuela,VEN,2017,0.205537,0.779803,0.28269,2.866789,0.64577,2.814584,1.370216
6267,Vietnam,VNM,2013,0.241026,0.550479,0.119353,2.039645,0.673579,2.884934,1.722689
6268,Vietnam,VNM,2014,0.241883,0.551005,0.121583,2.045305,0.677829,2.882767,1.728448
6269,Vietnam,VNM,2015,0.242783,0.551548,0.123609,2.051937,0.682933,2.88175,1.733233
6270,Vietnam,VNM,2016,0.243709,0.552084,0.126256,2.059037,0.687896,2.879813,1.736929
6271,Vietnam,VNM,2017,0.244663,0.552653,0.128466,2.066871,0.693534,2.87945,1.739466
6379,World,OWID_WRL,2013,0.254687,0.594552,0.203977,3.783535,0.920595,3.440182,1.426957
6380,World,OWID_WRL,2014,0.254594,0.595386,0.205833,3.779191,0.924949,3.439698,1.420393
6381,World,OWID_WRL,2015,0.254459,0.596222,0.207672,3.774285,0.929892,3.439238,1.413051
6382,World,OWID_WRL,2016,0.254282,0.59714,0.209525,3.769698,0.935503,3.439675,1.405176
6383,World,OWID_WRL,2017,0.254055,0.598083,0.211304,3.764811,0.941628,3.441087,1.396497
6407,Yemen,YEM,2013,0.172967,0.735308,0.139149,4.848227,1.381661,4.020945,0.636887
6408,Yemen,YEM,2014,0.172728,0.735406,0.13831,4.850341,1.39244,4.018785,0.636639
6409,Yemen,YEM,2015,0.172435,0.735503,0.136973,4.852522,1.401506,4.017056,0.636171
6410,Yemen,YEM,2016,0.172087,0.735593,0.135178,4.854853,1.410645,4.01595,0.635438
6411,Yemen,YEM,2017,0.171691,0.735682,0.132623,4.857207,1.414725,4.012346,0.634413
6435,Zambia,ZMB,2013,0.164106,0.604566,0.134708,3.573263,0.4998,3.529947,1.632154
6436,Zambia,ZMB,2014,0.164574,0.604914,0.136878,3.578642,0.502691,3.552409,1.632627
6437,Zambia,ZMB,2015,0.165027,0.605266,0.139219,3.584914,0.505984,3.576608,1.632897
6438,Zambia,ZMB,2016,0.165463,0.605631,0.140713,3.592016,0.510889,3.608843,1.633095
6439,Zambia,ZMB,2017,0.165866,0.605972,0.142768,3.599714,0.515972,3.641811,1.633243
6463,Zimbabwe,ZWE,2013,0.15567,0.607993,0.117248,3.090168,0.76628,3.128192,1.515641
6464,Zimbabwe,ZWE,2014,0.155993,0.60861,0.118073,3.093964,0.768914,3.14029,1.51547
6465,Zimbabwe,ZWE,2015,0.156465,0.609363,0.11947,3.098687,0.771802,3.15571,1.514751
6466,Zimbabwe,ZWE,2016,0.157111,0.610234,0.121456,3.104294,0.772275,3.174134,1.513269
6467,Zimbabwe,ZWE,2017,0.157963,0.611242,0.124443,3.110926,0.772648,3.192789,1.510943
